{"13": {"{'row-1': [5.144068312, 0.0, 0.0], 'row-2': [0.0, 5.144068312, 0.0], 'row-3': [0.0, 0.0, 5.144068312]}": {"['(3s1/2)', '(3p1/2)', '(3p3/2)']": {"(0.0, 0.0, 1.5)": 5.4685499757, "(0.0, 0.15000000000000002, 1.35)": 5.4653881796, "(0.0, 0.2, 1.3)": 5.4643370536, "(0.0, 0.25, 1.25)": 5.463287331, "(0.0, 0.4, 1.1)": 5.4601412344, "(0.0, 0.45, 1.05)": 5.4590971894, "(0.0, 0.5, 1.0)": 5.4580545496, "(0.0, 0.55, 0.9500000000000001)": 5.4570133151, "(0.0, 0.6000000000000001, 0.9)": 5.4559734864, "(0.0, 0.65, 0.8500000000000001)": 5.4549350637, "(0.0, 0.7000000000000001, 0.8)": 5.4538980472, "(0.0, 0.75, 0.75)": 5.4528624374, "(0.0, 0.8, 0.7000000000000001)": 5.451828207, "(0.0, 0.8500000000000001, 0.65)": 5.4507954096, "(0.0, 0.9, 0.6000000000000001)": 5.4497640196, "(0.0, 0.9500000000000001, 0.55)": 5.4487340413, "(0.0, 1.0, 0.5)": 5.4477054687, "(0.05, 0.1, 1.35)": 5.1032268371, "(0.05, 0.15000000000000002, 1.3)": 5.1022035686, "(0.05, 0.2, 1.25)": 5.1011819218, "(0.05, 0.35000000000000003, 1.1)": 5.0981252476, "(0.05, 0.4, 1.05)": 5.0971095738, "(0.05, 0.45, 1.0)": 5.0960953845, "(0.05, 0.5, 0.9500000000000001)": 5.0950826803, "(0.05, 0.55, 0.9)": 5.0940662003, "(0.05, 0.65, 0.8)": 5.0920510388, "(0.05, 0.7000000000000001, 0.75)": 5.0910441478, "(0.05, 0.75, 0.7000000000000001)": 5.090038747, "(0.05, 0.8, 0.65)": 5.0890331365, "(0.05, 0.9, 0.55)": 5.0870298019, "(0.05, 0.9500000000000001, 0.5)": 5.0860304719, "(0.05, 1.0, 0.45)": 5.085032637, "(0.1, 0.05, 1.35)": 4.7474961838, "(0.1, 0.1, 1.3)": 4.7465028689, "(0.1, 0.15000000000000002, 1.25)": 4.7455111304, "(0.1, 0.25, 1.1500000000000001)": 4.7435323844, "(0.1, 0.30000000000000004, 1.1)": 4.7425453794, "(0.1, 0.35000000000000003, 1.05)": 4.7415599493, "(0.1, 0.4, 1.0)": 4.7405760991, "(0.1, 0.45, 0.9500000000000001)": 4.7395949238, "(0.1, 0.5, 0.9)": 4.738614183, "(0.1, 0.55, 0.8500000000000001)": 4.7376350021, "(0.1, 0.6000000000000001, 0.8)": 4.7366574101, "(0.1, 0.65, 0.75)": 4.7356762023, "(0.1, 0.7000000000000001, 0.7000000000000001)": 4.7347018414, "(0.1, 0.75, 0.65)": 4.7337290626, "(0.1, 0.8, 0.6000000000000001)": 4.7327578654, "(0.1, 0.8500000000000001, 0.55)": 4.7317882505, "(0.1, 0.9, 0.5)": 4.7308202268, "(0.1, 0.9500000000000001, 0.45)": 4.7298537737, "(0.1, 1.0, 0.4)": 4.7288889061, "(0.15000000000000002, 0.0, 1.35)": 4.3990172681, "(0.15000000000000002, 0.05, 1.3)": 4.3980570066, "(0.15000000000000002, 0.1, 1.25)": 4.3970984268, "(0.15000000000000002, 0.25, 1.1)": 4.3942320783, "(0.15000000000000002, 0.30000000000000004, 1.05)": 4.3932802625, "(0.15000000000000002, 0.35000000000000003, 1.0)": 4.3923301306, "(0.15000000000000002, 0.4, 0.9500000000000001)": 4.3913816832, "(0.15000000000000002, 0.45, 0.9)": 4.3904349214, "(0.15000000000000002, 0.5, 0.8500000000000001)": 4.3894898444, "(0.15000000000000002, 0.55, 0.8)": 4.3885464533, "(0.15000000000000002, 0.6000000000000001, 0.75)": 4.3876047487, "(0.15000000000000002, 0.65, 0.7000000000000001)": 4.3866647308, "(0.15000000000000002, 0.7000000000000001, 0.65)": 4.3857264003, "(0.15000000000000002, 0.75, 0.6000000000000001)": 4.3847846635, "(0.15000000000000002, 0.8, 0.55)": 4.3838497819, "(0.15000000000000002, 0.8500000000000001, 0.5)": 4.3829166118, "(0.15000000000000002, 0.9, 0.45)": 4.3819851048, "(0.15000000000000002, 0.9500000000000001, 0.4)": 4.3810552885, "(0.15000000000000002, 1.0, 0.35000000000000003)": 4.3801271621, "(0.2, 0.0, 1.3)": 4.0580631322, "(0.2, 0.05, 1.25)": 4.0571413884, "(0.2, 0.2, 1.1)": 4.0543867833, "(0.2, 0.25, 1.05)": 4.0534721911, "(0.2, 0.30000000000000004, 1.0)": 4.0525594045, "(0.2, 0.35000000000000003, 0.9500000000000001)": 4.0516484243, "(0.2, 0.4, 0.9)": 4.0507392508, "(0.2, 0.45, 0.8500000000000001)": 4.0498318855, "(0.2, 0.5, 0.8)": 4.0489263273, "(0.2, 0.55, 0.75)": 4.0480225776, "(0.2, 0.6000000000000001, 0.7000000000000001)": 4.047120637, "(0.2, 0.65, 0.65)": 4.046220506, "(0.2, 0.75, 0.55)": 4.0444295212, "(0.2, 0.8, 0.5)": 4.0435344679, "(0.2, 0.8500000000000001, 0.45)": 4.0426362782, "(0.2, 0.9, 0.4)": 4.0417449287, "(0.2, 1.0, 0.30000000000000004)": 4.0399676977, "(0.25, 0.0, 1.25)": 3.7270497562, "(0.25, 0.1, 1.1500000000000001)": 3.7252920439, "(0.25, 0.15000000000000002, 1.1)": 3.7244187062, "(0.25, 0.2, 1.05)": 3.7235473125, "(0.25, 0.25, 1.0)": 3.7226778634, "(0.25, 0.30000000000000004, 0.9500000000000001)": 3.7218103656, "(0.25, 0.35000000000000003, 0.9)": 3.7209448078, "(0.25, 0.4, 0.8500000000000001)": 3.7200811963, "(0.25, 0.45, 0.8)": 3.719219532, "(0.25, 0.5, 0.75)": 3.7183598157, "(0.25, 0.55, 0.7000000000000001)": 3.7175020485, "(0.25, 0.6000000000000001, 0.65)": 3.7166462299, "(0.25, 0.65, 0.6000000000000001)": 3.715792361, "(0.25, 0.7000000000000001, 0.55)": 3.7149404436, "(0.25, 0.75, 0.5)": 3.7140904763, "(0.25, 0.8, 0.45)": 3.7132424606, "(0.25, 0.8500000000000001, 0.4)": 3.7123963972, "(0.25, 0.9, 0.35000000000000003)": 3.7115474674, "(0.25, 1.0, 0.25)": 3.7098652695, "(0.30000000000000004, 0.1, 1.1)": 3.4065891287, "(0.30000000000000004, 0.15000000000000002, 1.05)": 3.4057671759, "(0.30000000000000004, 0.2, 1.0)": 3.4049473291, "(0.30000000000000004, 0.25, 0.9500000000000001)": 3.4041247528, "(0.30000000000000004, 0.30000000000000004, 0.9)": 3.4033091896, "(0.30000000000000004, 0.4, 0.8)": 3.4016843835, "(0.30000000000000004, 0.45, 0.75)": 3.4008751471, "(0.30000000000000004, 0.5, 0.7000000000000001)": 3.4000680212, "(0.30000000000000004, 0.55, 0.65)": 3.3992630063, "(0.30000000000000004, 0.65, 0.55)": 3.3976593125, "(0.30000000000000004, 0.7000000000000001, 0.5)": 3.3968606353, "(0.30000000000000004, 0.75, 0.45)": 3.3960640722, "(0.30000000000000004, 0.8, 0.4)": 3.3952696239, "(0.30000000000000004, 0.9500000000000001, 0.25)": 3.3928943408, "(0.30000000000000004, 1.0, 0.2)": 3.3921084425, "(0.35000000000000003, 0.05, 1.1)": 3.1036285826, "(0.35000000000000003, 0.1, 1.05)": 3.102860995, "(0.35000000000000003, 0.15000000000000002, 1.0)": 3.1020956992, "(0.35000000000000003, 0.2, 0.9500000000000001)": 3.1013326552, "(0.35000000000000003, 0.25, 0.9)": 3.1005718944, "(0.35000000000000003, 0.35000000000000003, 0.8)": 3.0990527795, "(0.35000000000000003, 0.4, 0.75)": 3.0982990295, "(0.35000000000000003, 0.45, 0.7000000000000001)": 3.0975475958, "(0.35000000000000003, 0.5, 0.65)": 3.0967984388, "(0.35000000000000003, 0.65, 0.5)": 3.0945647629, "(0.35000000000000003, 0.7000000000000001, 0.45)": 3.0938248054, "(0.35000000000000003, 0.75, 0.4)": 3.0930871497, "(0.35000000000000003, 0.9, 0.25)": 3.0908880019, "(0.35000000000000003, 0.9500000000000001, 0.2)": 3.1687394079, "(0.35000000000000003, 1.0, 0.15000000000000002)": 3.0894259402, "(0.4, 0.0, 1.1)": 2.819105195, "(0.4, 0.05, 1.05)": 2.8184110806, "(0.4, 0.1, 1.0)": 2.8177195447, "(0.4, 0.15000000000000002, 0.9500000000000001)": 2.8170308173, "(0.4, 0.2, 0.9)": 2.8163443732, "(0.4, 0.25, 0.8500000000000001)": 2.8156604379, "(0.4, 0.30000000000000004, 0.8)": 2.8149790124, "(0.4, 0.35000000000000003, 0.75)": 2.8143000976, "(0.4, 0.4, 0.7000000000000001)": 2.8136236944, "(0.4, 0.45, 0.65)": 2.8129457406, "(0.4, 0.5, 0.6000000000000001)": 2.8122744316, "(0.4, 0.55, 0.55)": 2.8116056369, "(0.4, 0.6000000000000001, 0.5)": 2.8109393571, "(0.4, 0.65, 0.45)": 2.8102755935, "(0.4, 0.7000000000000001, 0.4)": 2.8096143468, "(0.4, 0.75, 0.35000000000000003)": 2.8089556185, "(0.4, 0.8500000000000001, 0.25)": 2.807645717, "(0.4, 0.9, 0.2)": 2.8069945462, "(0.4, 0.9500000000000001, 0.15000000000000002)": 2.8063458965, "(0.4, 1.0, 0.1)": 2.8056997686, "(0.45, 0.0, 1.05)": 2.5575248861, "(0.45, 0.05, 1.0)": 2.5569189404, "(0.45, 0.1, 0.9500000000000001)": 2.5563157412, "(0.45, 0.15000000000000002, 0.9)": 2.5557152897, "(0.45, 0.2, 0.8500000000000001)": 2.5551175866, "(0.45, 0.25, 0.8)": 2.5545226228, "(0.45, 0.30000000000000004, 0.75)": 2.5539304195, "(0.45, 0.35000000000000003, 0.7000000000000001)": 2.5533409674, "(0.45, 0.4, 0.65)": 2.5527542675, "(0.45, 0.45, 0.6000000000000001)": 2.5521703205, "(0.45, 0.5, 0.55)": 2.5515854578,