{"82": {"{'row-1': [-3.77939291, 3.77939291, 3.77939291], 'row-2': [3.77939291, -3.77939291, 3.77939291], 'row-3': [3.77939291, 3.77939291, -3.77939291]}": {"['(6s1/2)', '(5d3/2)', '(5d5/2)', '(6p1/2)', '(6p3/2)']": {"(0.0, 1.0, 3.0, 1.0, 2.0)": 34.7527650195, "(0.0, 1.5, 2.5, 1.0, 2.0)": 33.9409595376, "(0.0, 1.5, 3.0, 0.5, 2.0)": 19.1190649885, "(0.0, 1.5, 3.0, 1.0, 1.5)": 18.5055915384, "(0.0, 2.0, 2.0, 1.0, 2.0)": 33.1841570854, "(0.0, 2.0, 2.5, 0.5, 2.0)": 18.503138139, "(0.0, 2.0, 2.5, 1.0, 1.5)": 17.8488301474, "(0.0, 2.0, 3.0, 0.0, 2.0)": 9.2625835793, "(0.0, 2.0, 3.0, 0.5, 1.5)": 8.173367314, "(0.0, 2.0, 3.0, 1.0, 1.0)": 7.2486522472, "(0.5, 0.5, 3.0, 1.0, 2.0)": 50.1127899367, "(0.5, 1.0, 2.5, 1.0, 2.0)": 49.2139552678, "(0.5, 1.0, 3.0, 0.5, 2.0)": 32.9539513221, "(0.5, 1.0, 3.0, 1.0, 1.5)": 32.5906003115, "(0.5, 1.5, 2.0, 1.0, 2.0)": 48.3517318222, "(0.5, 1.5, 2.5, 0.5, 2.0)": 32.0990808773, "(0.5, 1.5, 2.5, 1.0, 1.5)": 31.7238314496, "(0.5, 1.5, 3.0, 0.0, 2.0)": 16.8365527351, "(0.5, 1.5, 3.0, 0.5, 1.5)": 16.3411980341, "(0.5, 1.5, 3.0, 1.0, 1.0)": 16.0011834486, "(0.5, 2.0, 1.5, 1.0, 2.0)": 47.5275700026, "(0.5, 2.0, 2.0, 0.5, 2.0)": 31.3003128421, "(0.5, 2.0, 2.0, 1.0, 1.5)": 30.9132259495, "(0.5, 2.0, 2.5, 0.0, 2.0)": 16.1433928476, "(0.5, 2.0, 2.5, 0.5, 1.5)": 15.6225346883, "(0.5, 2.0, 2.5, 1.0, 1.0)": 15.260342612, "(0.5, 2.0, 3.0, 0.0, 1.5)": 5.4048305498, "(0.5, 2.0, 3.0, 0.5, 1.0)": 4.7352922759, "(0.5, 2.0, 3.0, 1.0, 0.5)": 4.3989318076, "(1.0, 0.0, 3.0, 1.0, 2.0)": 66.8081523292, "(1.0, 0.5, 2.5, 1.0, 2.0)": 65.8672455993, "(1.0, 0.5, 3.0, 0.5, 2.0)": 48.8079460653, "(1.0, 0.5, 3.0, 1.0, 1.5)": 48.5777066473, "(1.0, 1.0, 2.0, 1.0, 2.0)": 64.9538142123, "(1.0, 1.0, 2.5, 0.5, 2.0)": 47.8835306178, "(1.0, 1.0, 2.5, 1.0, 1.5)": 47.6470188135, "(1.0, 1.0, 3.0, 0.0, 2.0)": 31.5454063547, "(1.0, 1.0, 3.0, 0.5, 1.5)": 31.307741686, "(1.0, 1.0, 3.0, 1.0, 1.0)": 31.1662737511, "(1.0, 1.5, 1.5, 1.0, 2.0)": 64.0687322382, "(1.0, 1.5, 2.0, 0.5, 2.0)": 46.9956606619, "(1.0, 1.5, 2.0, 1.0, 1.5)": 46.7529114066, "(1.0, 1.5, 2.5, 0.0, 2.0)": 30.6521639536, "(1.0, 1.5, 2.5, 0.5, 1.5)": 30.4046388589, "(1.0, 1.5, 2.5, 1.0, 1.0)": 30.2552600442, "(1.0, 1.5, 3.0, 0.0, 1.5)": 14.9109888253, "(1.0, 1.5, 3.0, 0.5, 1.0)": 14.8062827049, "(1.0, 1.5, 3.0, 1.0, 0.5)": 14.8536734938, "(1.0, 2.0, 1.0, 1.0, 2.0)": 63.2130543141, "(1.0, 2.0, 1.5, 0.5, 2.0)": 46.1462662221, "(1.0, 2.0, 1.5, 1.0, 1.5)": 45.8971180328, "(1.0, 2.0, 2.0, 0.0, 2.0)": 29.8155722824, "(1.0, 2.0, 2.0, 0.5, 1.5)": 29.5581878367, "(1.0, 2.0, 2.0, 1.0, 1.0)": 29.4006251474, "(1.0, 2.0, 2.5, 0.0, 1.5)": 14.1264255054, "(1.0, 2.0, 2.5, 0.5, 1.0)": 14.0074955096, "(1.0, 2.0, 2.5, 1.0, 0.5)": 14.0470860835, "(1.0, 2.0, 3.0, 0.0, 1.0)": 4.2051727938, "(1.0, 2.0, 3.0, 0.5, 0.5)": 4.530862206, "(1.0, 2.0, 3.0, 1.0, 0.0)": 5.0902928224}}}}