{"(0.0, 0.5, 2.0)": 8.0855609695, "(0.0, 0.6000000000000001, 1.9000000000000001)": 8.0805865043, "(0.0, 0.7000000000000001, 1.8)": 8.0756285963, "(0.0, 0.8, 1.7000000000000002)": 8.0706862921, "(0.0, 0.9, 1.6)": 8.065759722, "(0.0, 1.0, 1.5)": 8.0608488525, "(0.1, 0.4, 2.0)": 6.9308372051, "(0.1, 0.5, 1.9000000000000001)": 6.9259861697, "(0.1, 0.6000000000000001, 1.8)": 6.9211479936, "(0.1, 0.7000000000000001, 1.7000000000000002)": 6.916330970499999, "(0.1, 0.8, 1.6)": 6.911530941600001, "(0.1, 0.9, 1.5)": 6.9067316174, "(0.1, 1.0, 1.4000000000000001)": 6.901963886299999, "(0.2, 0.30000000000000004, 2.0)": 5.810261283499999, "(0.2, 0.4, 1.9000000000000001)": 5.8055506393, "(0.2, 0.5, 1.8)": 5.8008584067, "(0.2, 0.6000000000000001, 1.7000000000000002)": 5.796184701, "(0.2, 0.7000000000000001, 1.6)": 5.7915295337, "(0.2, 0.8, 1.5)": 5.786892912999999, "(0.2, 0.9, 1.4000000000000001)": 5.7822748502, "(0.2, 1.0, 1.3)": 5.7776714171000005, "(0.30000000000000004, 0.2, 2.0)": 4.7319103762, "(0.30000000000000004, 0.30000000000000004, 1.9000000000000001)": 4.7273646735, "(0.30000000000000004, 0.4, 1.8)": 4.7228490632, "(0.30000000000000004, 0.5, 1.7000000000000002)": 4.7183528833, "(0.30000000000000004, 0.6000000000000001, 1.6)": 4.7138768882, "(0.30000000000000004, 0.7000000000000001, 1.5)": 4.709421194599999, "(0.30000000000000004, 0.8, 1.4000000000000001)": 4.7049858081, "(0.30000000000000004, 0.9, 1.3)": 4.7005707479000005, "(0.30000000000000004, 1.0, 1.2000000000000002)": 4.696176145499999, "(0.4, 0.1, 2.0)": 3.706957064399999, "(0.4, 0.2, 1.9000000000000001)": 3.7026347782, "(0.4, 0.30000000000000004, 1.8)": 3.6983347971999994, "(0.4, 0.4, 1.7000000000000002)": 3.694061724799999, "(0.4, 0.5, 1.6)": 3.6898062090000003, "(0.4, 0.6000000000000001, 1.5)": 3.6855730451, "(0.4, 0.7000000000000001, 1.4000000000000001)": 3.6813622650000006, "(0.4, 0.8, 1.3)": 3.6771738827, "(0.4, 0.9, 1.2000000000000002)": 3.6730079206, "(0.4, 1.0, 1.1)": 3.6688455916000002, "(0.5, 0.0, 2.0)": 2.7510337911999994, "(0.5, 0.1, 1.9000000000000001)": 2.7469855092, "(0.5, 0.2, 1.8)": 2.7429620099999994, "(0.5, 0.30000000000000004, 1.7000000000000002)": 2.7389632857000006, "(0.5, 0.4, 1.6)": 2.7349892713, "(0.5, 0.5, 1.5)": 2.7310402054999994, "(0.5, 0.6000000000000001, 1.4000000000000001)": 2.7271157569, "(0.5, 0.7000000000000001, 1.3)": 2.7232161325999993, "(0.5, 0.8, 1.2000000000000002)": 2.7193412722999994, "(0.5, 0.9, 1.1)": 2.7154912837000005, "(0.5, 1.0, 1.0)": 2.7116661126999997, "(0.6000000000000001, 0.0, 1.9000000000000001)": 1.8821961227, "(0.6000000000000001, 0.1, 1.8)": 1.8785358401999996, "(0.6000000000000001, 0.2, 1.7000000000000002)": 1.8749030025, "(0.6000000000000001, 0.30000000000000004, 1.6)": 1.8712947254999994, "(0.6000000000000001, 0.4, 1.5)": 1.8677168831, "(0.6000000000000001, 0.5, 1.4000000000000001)": 1.8641665195999995, "(0.6000000000000001, 0.6000000000000001, 1.3)": 1.8606436788999998, "(0.6000000000000001, 0.8, 1.1)": 1.8536805898999997, "(0.6000000000000001, 0.9, 1.0)": 1.8502406502, "(0.6000000000000001, 1.0, 0.9)": 1.8468277277, "(0.7000000000000001, 0.0, 1.8)": 1.1345097829999995, "(0.7000000000000001, 0.1, 1.7000000000000002)": 1.1313569308, "(0.7000000000000001, 0.2, 1.6)": 1.1282344168999998, "(0.7000000000000001, 0.30000000000000004, 1.5)": 1.1251423107999994, "(0.7000000000000001, 0.4, 1.4000000000000001)": 1.1220814216, "(0.7000000000000001, 0.5, 1.3)": 1.1190503232999998, "(0.7000000000000001, 0.7000000000000001, 1.1)": 1.1130794117999994, "(0.7000000000000001, 0.8, 1.0)": 1.1101396265999997, "(0.7000000000000001, 0.9, 0.9)": 1.1072303062, "(0.7000000000000001, 1.0, 0.8)": 1.1043514635999996, "(0.8, 0.0, 1.7000000000000002)": 0.5457296147999999, "(0.8, 0.1, 1.6)": 0.5432315617999999, "(0.8, 0.2, 1.5)": 0.5407666421999995, "(0.8, 0.30000000000000004, 1.4000000000000001)": 0.5383354241999996, "(0.8, 0.4, 1.3)": 0.5359369274999999, "(0.8, 0.5, 1.2000000000000002)": 0.5335714827999993, "(0.8, 0.6000000000000001, 1.1)": 0.5312392036999993, "(0.8, 0.7000000000000001, 1.0)": 0.5289401191999996, "(0.8, 0.8, 0.9)": 0.5266742240999998, "(0.8, 0.9, 0.8)": 0.5244415199999999, "(0.8, 1.0, 0.7000000000000001)": 0.5222421868999998, "(0.9, 0.0, 1.6)": 0.15733983049999978, "(0.9, 0.1, 1.5)": 0.15564428749999948, "(0.9, 0.2, 1.4000000000000001)": 0.15398389399999957, "(0.9, 0.30000000000000004, 1.3)": 0.15235864919999997, "(0.9, 0.4, 1.2000000000000002)": 0.15076855009999957, "(0.9, 0.5, 1.1)": 0.1492135878999994, "(0.9, 0.6000000000000001, 1.0)": 0.14769377329999944, "(0.9, 0.7000000000000001, 0.9)": 0.1462090940999996, "(0.9, 0.8, 0.8)": 0.14475954799999968, "(0.9, 0.9, 0.7000000000000001)": 0.14334512239999952, "(0.9, 1.0, 0.6000000000000001)": 0.14196580449999985, "(1.0, 0.0, 1.5)": 0.0036203315999996377, "(1.0, 0.1, 1.4000000000000001)": 0.0028247871999997898, "(1.0, 0.2, 1.3)": 0.002064959100000152, "(1.0, 0.30000000000000004, 1.2000000000000002)": 0.001341283999999554, "(1.0, 0.4, 1.1)": 0.0006528131999994358, "(1.0, 0.5, 1.0)": 0.0, "(1.0, 0.6000000000000001, 0.9)": -0.0006171783000006315, "(1.0, 0.7000000000000001, 0.8)": -0.0011987428000006517, "(1.0, 0.8, 0.7000000000000001)": -0.0017447124999998564, "(1.0, 0.9, 0.6000000000000001)": -0.002255112700000339, "(1.0, 1.0, 0.5)": -0.002729964300000276}