{"(0.0, 1.5, 1.0, 2.0, 3.0)": 45.1155763375, "(0.0, 1.75, 0.75, 2.0, 3.0)": 34.774152668, "(0.0, 1.75, 1.0, 1.75, 3.0)": 35.7059347419, "(0.0, 1.75, 1.0, 2.0, 2.75)": 35.6855723533, "(0.0, 2.0, 0.5, 2.0, 3.0)": 27.630145149, "(0.0, 2.0, 0.75, 1.75, 3.0)": 25.8163292328, "(0.0, 2.0, 0.75, 2.0, 2.75)": 25.8270888814, "(0.0, 2.0, 1.0, 1.5, 3.0)": 26.297256615400002, "(0.0, 2.0, 1.0, 1.75, 2.75)": 26.277088016600004, "(0.0, 2.0, 1.0, 2.0, 2.5)": 26.257321455400003, "(0.25, 1.25, 1.0, 2.0, 3.0)": 44.849986721200004, "(0.25, 1.5, 0.75, 2.0, 3.0)": 34.557491141700005, "(0.25, 1.5, 1.0, 1.75, 3.0)": 35.4412929362, "(0.25, 1.5, 1.0, 2.0, 2.75)": 35.4215402481, "(0.25, 1.75, 0.5, 2.0, 3.0)": 27.4761085385, "(0.25, 1.75, 0.75, 1.75, 3.0)": 25.6166366211, "(0.25, 1.75, 0.75, 2.0, 2.75)": 25.628285449000003, "(0.25, 1.75, 1.0, 1.5, 3.0)": 26.033227602700002, "(0.25, 1.75, 1.0, 1.75, 2.75)": 26.0139559442, "(0.25, 1.75, 1.0, 2.0, 2.5)": 25.995048516800004, "(0.25, 2.0, 0.25, 2.0, 3.0)": 23.070944885000003, "(0.25, 2.0, 0.5, 1.75, 3.0)": 19.8706885821, "(0.25, 2.0, 0.5, 2.0, 2.75)": 19.914032667200004, "(0.25, 2.0, 0.75, 1.5, 3.0)": 16.9929989587, "(0.25, 2.0, 0.75, 1.75, 2.75)": 17.0166308744, "(0.25, 2.0, 0.75, 2.0, 2.5)": 17.0406949603, "(0.25, 2.0, 1.0, 1.25, 3.0)": 16.669627601499997, "(0.25, 2.0, 1.0, 1.5, 2.75)": 16.653699026399998, "(0.25, 2.0, 1.0, 1.75, 2.5)": 16.638289146299996, "(0.25, 2.0, 1.0, 2.0, 2.25)": 16.623412647099997, "(0.5, 1.0, 1.0, 2.0, 3.0)": 44.5885119093, "(0.5, 1.25, 0.75, 2.0, 3.0)": 34.3461379159, "(0.5, 1.25, 1.0, 1.75, 3.0)": 35.1815694246, "(0.5, 1.25, 1.0, 2.0, 2.75)": 35.1622981542, "(0.5, 1.5, 0.5, 2.0, 3.0)": 27.328522083400003, "(0.5, 1.5, 0.75, 1.75, 3.0)": 25.423618197400003, "(0.5, 1.5, 0.75, 2.0, 2.75)": 25.4361596146, "(0.5, 1.5, 1.0, 1.5, 3.0)": 25.775554530100003, "(0.5, 1.5, 1.0, 1.75, 2.75)": 25.7571501352, "(0.5, 1.5, 1.0, 2.0, 2.5)": 25.7391275975, "(0.5, 1.75, 0.25, 2.0, 3.0)": 22.9977770525, "(0.5, 1.75, 0.5, 1.75, 3.0)": 19.7658171411, "(0.5, 1.75, 0.5, 2.0, 2.75)": 19.810321489499998, "(0.5, 1.75, 0.75, 1.5, 3.0)": 16.830431751, "(0.5, 1.75, 0.75, 1.75, 2.75)": 16.8552752458, "(0.5, 1.75, 0.75, 2.0, 2.5)": 16.8805592561, "(0.5, 1.75, 1.0, 1.25, 3.0)": 16.4200951492, "(0.5, 1.75, 1.0, 1.5, 2.75)": 16.405333319, "(0.5, 1.75, 1.0, 1.75, 2.5)": 16.3911007376, "(0.5, 1.75, 1.0, 2.0, 2.25)": 16.377403639100002, "(0.5, 2.0, 0.0, 2.0, 3.0)": 21.1097259104, "(0.5, 2.0, 0.25, 1.75, 3.0)": 17.667864180800002, "(0.5, 2.0, 0.25, 2.0, 2.75)": 17.735380813299997, "(0.5, 2.0, 0.5, 1.5, 3.0)": 13.4298629815, "(0.5, 2.0, 0.5, 1.75, 2.75)": 13.4944174258, "(0.5, 2.0, 0.5, 2.0, 2.5)": 13.5592601802, "(0.5, 2.0, 0.75, 1.25, 3.0)": 8.9575218599, "(0.5, 2.0, 0.75, 1.5, 2.75)": 9.0035123751, "(0.5, 2.0, 0.75, 1.75, 2.5)": 9.0500448078, "(0.5, 2.0, 0.75, 2.0, 2.25)": 9.097116702700001, "(0.5, 2.0, 1.0, 1.0, 3.0)": 7.1751234172, "(0.5, 2.0, 1.0, 1.25, 2.75)": 7.166232396, "(0.5, 2.0, 1.0, 1.5, 2.5)": 7.158064992799998, "(0.5, 2.0, 1.0, 1.75, 2.25)": 7.150723683699999, "(0.5, 2.0, 1.0, 2.0, 2.0)": 7.144180716100001, "(0.75, 0.75, 1.0, 2.0, 3.0)": 44.3312056176, "(0.75, 1.0, 0.75, 2.0, 3.0)": 34.1401662667, "(0.75, 1.0, 1.0, 1.75, 3.0)": 34.9267552615, "(0.75, 1.0, 1.0, 2.0, 2.75)": 34.908282845900004, "(0.75, 1.25, 0.5, 2.0, 3.0)": 27.1873731719, "(0.75, 1.25, 0.75, 1.75, 3.0)": 25.2373823668, "(0.75, 1.25, 0.75, 2.0, 2.75)": 25.250817694, "(0.75, 1.25, 1.0, 1.5, 3.0)": 25.5242914122, "(0.75, 1.25, 1.0, 1.75, 2.75)": 25.5068537104, "(0.75, 1.25, 1.0, 2.0, 2.5)": 25.489822943500002, "(0.75, 1.5, 0.25, 2.0, 3.0)": 22.9320411991, "(0.75, 1.5, 0.5, 1.75, 3.0)": 19.669436095099996, "(0.75, 1.5, 0.5, 2.0, 2.75)": 19.714981241300002, "(0.75, 1.5, 0.75, 1.5, 3.0)": 16.676989484000003, "(0.75, 1.5, 0.75, 1.75, 2.75)": 16.703055207699997, "(0.75, 1.5, 0.75, 2.0, 2.5)": 16.729560416600002, "(0.75, 1.5, 1.0, 1.25, 3.0)": 16.1791652473, "(0.75, 1.5, 1.0, 1.5, 2.75)": 16.165588708500003, "(0.75, 1.5, 1.0, 1.75, 2.5)": 16.1525478791, "(0.75, 1.5, 1.0, 2.0, 2.25)": 16.140041085599997, "(0.75, 1.75, 0.0, 2.0, 3.0)": 21.1265862089, "(0.75, 1.75, 0.25, 1.75, 3.0)": 17.672931527400003, "(0.75, 1.75, 0.25, 2.0, 2.75)": 17.741320488600003, "(0.75, 1.75, 0.5, 1.5, 3.0)": 13.4066113313, "(0.75, 1.75, 0.5, 1.75, 2.75)": 13.4722798656, "(0.75, 1.75, 0.5, 2.0, 2.5)": 13.538252271900001, "(0.75, 1.75, 0.75, 1.25, 3.0)": 8.867078106100001, "(0.75, 1.75, 0.75, 1.5, 2.75)": 8.9147609086, "(0.75, 1.75, 0.75, 1.75, 2.5)": 8.9629796825, "(0.75, 1.75, 0.75, 2.0, 2.25)": 9.011732580999999, "(0.75, 1.75, 1.0, 1.0, 3.0)": 6.952117738499998, "(0.75, 1.75, 1.0, 1.25, 2.75)": 6.9450105862000004, "(0.75, 1.75, 1.0, 1.5, 2.5)": 6.938715969199999, "(0.75, 1.75, 1.0, 1.75, 2.25)": 6.933216695099999, "(0.75, 1.75, 1.0, 2.0, 2.0)": 6.928541717500002, "(0.75, 2.0, 0.0, 1.75, 3.0)": 18.7101992356, "(0.75, 2.0, 0.0, 2.0, 2.75)": 18.790066639000003, "(0.75, 2.0, 0.25, 1.5, 3.0)": 14.726384401999999, "(0.75, 2.0, 0.25, 1.75, 2.75)": 14.811643423400001, "(0.75, 2.0, 0.25, 2.0, 2.5)": 14.8968406876, "(0.75, 2.0, 0.5, 1.25, 3.0)": 9.505601223400001, "(0.75, 2.0, 0.5, 1.5, 2.75)": 9.5939119052, "(0.75, 2.0, 0.5, 1.75, 2.5)": 9.682440131200002, "(0.75, 2.0, 0.5, 2.0, 2.25)": 9.7711066716, "(0.75, 2.0, 0.75, 1.0, 3.0)": 2.991684534099999, "(0.75, 2.0, 0.75, 1.25, 2.75)": 3.074477807399999, "(0.75, 2.0, 0.75, 1.5, 2.5)": 3.1576962051000006, "(0.75, 2.0, 0.75, 1.75, 2.25)": 3.2413874368, "(0.75, 2.0, 0.75, 2.0, 2.0)": 3.3251630381999995, "(0.75, 2.0, 1.0, 0.75, 3.0)": -1.9067510917000003, "(0.75, 2.0, 1.0, 1.0, 2.75)": -1.8931519946000002, "(0.75, 2.0, 1.0, 1.25, 2.5)": -1.8779505510999996, "(0.75, 2.0, 1.0, 1.5, 2.25)": -1.861158831000001, "(0.75, 2.0, 1.0, 1.75, 2.0)": -1.8427884018, "(0.75, 2.0, 1.0, 2.0, 1.75)": -1.8228515552999998, "(1.0, 0.5, 1.0, 2.0, 3.0)": 44.0781250533, "(1.0, 0.75, 0.75, 2.0, 3.0)": 33.9396515967, "(1.0, 0.75, 1.0, 1.75, 3.0)": 34.677156808300005, "(1.0, 0.75, 1.0, 2.0, 2.75)": 34.659248769600005, "(1.0, 1.0, 0.5, 2.0, 3.0)": 27.052850967800005, "(1.0, 1.0, 0.75, 1.75, 3.0)": 25.058016314300005, "(1.0, 1.0, 0.75, 2.0, 2.75)": 25.072347545200003, "(1.0, 1.0, 1.0, 1.5, 3.0)": 25.2797909122, "(1.0, 1.0, 1.0, 1.75, 2.75)": 25.2632723137, "(1.0, 1.0, 1.0, 2.0, 2.5)": 25.247180938600003, "(1.0, 1.25, 0.25, 2.0, 3.0)": 22.8740520921, "(1.0, 1.25, 0.5, 1.75, 3.0)": 19.581634086900003, "(1.0, 1.25, 0.5, 2.0, 2.75)": 19.6279849078, "(1.0, 1.25, 0.75, 1.5, 3.0)": 16.532811987499997, "(1.0, 1.25, 0.75, 1.75, 2.75)": 16.5601040177, "(1.0, 1.25, 0.75, 2.0, 2.5)": 16.5878285131, "(1.0, 1.25, 1.0, 1.25, 3.0)": 15.947024629100001, "(1.0, 1.25, 1.0, 1.5, 2.75)": 15.9346556851, "(1.0, 1.25, 1.0, 1.75, 2.5)": 15.922823300500001, "(1.0, 1.25, 1.0, 2.0, 2.25)": 15.911529184800001, "(1.0, 1.5, 0.0, 2.0, 3.0)": 21.155684639600004, "(1.0, 1.5, 0.25, 1.75, 3.0)": 17.6866960606, "(1.0, 1.5, 0.25, 2.0, 2.75)": 17.756509271, "(1.0, 1.5, 0.5, 1.5, 3.0)": 13.3942340108, "(1.0, 1.5, 0.5, 1.75, 2.75)": 13.460981227, "(1.0, 1.5, 0.5, 2.0, 2.5)": 13.5279512242, "(1.0, 1.5, 0.75, 1.25, 3.0)": 8.789992593700001, "(1.0, 1.5, 0.75, 1.5, 2.75)": 8.839346295299999, "(1.0, 1.5, 0.75, 1.75, 2.5)": 8.889230125, "(1.0, 1.5, 0.75, 2.0, 2.25)": 8.939638775499999, "(1.0, 1.5, 1.0, 1.0, 3.0)": 6.742505018299999, "(1.0, 1.5, 1.0, 1.25, 2.75)": 6.7372708797000005, "(1.0, 1.5, 1.0, 1.5, 2.5)": 6.7328597742, "(1.0, 1.5, 1.0, 1.75, 2.25)": 6.729259452300001, "(1.0, 1.5, 1.0, 2.0, 2.0)": 6.726456647899999, "(1.0, 1.75, 0.0, 1.75, 3.0)": 18.819376082700003, "(1.0, 1.75, 0.0, 2.0, 2.75)": 18.899595668000003, "(1.0, 1.75, 0.25, 1.5, 3.0)": 14.833897061899998, "(1.0, 1.75, 0.25, 1.75, 2.75)": 14.919709277699999, "(1.0, 1.75, 0.25, 2.0, 2.5)": 15.0048299512, "(1.0, 1.75, 0.5, 1.25, 3.0)": 9.6046769327, "(1.0, 1.75, 0.5, 1.5, 2.75)": 9.693820798700001, "(1.0, 1.75, 0.5, 1.75, 2.5)": 9.7831244908, "(1.0, 1.75, 0.5, 2.0, 2.25)": 9.8726307488, "(1.0, 1.75, 0.75, 1.0, 3.0)": 3.0507898175,