{"(0.5, 2.0, 3.0)": 0.0, "(0.55, 1.9500000000000002, 3.0)": -3.9549255388999995, "(0.55, 2.0, 2.95)": -3.8922827597000023, "(0.6000000000000001, 1.9000000000000001, 3.0)": -8.122326343900003, "(0.6000000000000001, 1.9500000000000002, 2.95)": -8.0588869627, "(0.6000000000000001, 2.0, 2.9000000000000004)": -7.995428754200002, "(0.65, 1.85, 3.0)": -12.564612146900004, "(0.65, 1.9000000000000001, 2.95)": -12.499636204700003, "(0.65, 1.9500000000000002, 2.9000000000000004)": -12.434619306600002, "(0.65, 2.0, 2.85)": -12.369564624600002, "(0.7000000000000001, 1.8, 3.0)": -17.166371164300003, "(0.7000000000000001, 1.85, 2.95)": -17.1021163051, "(0.7000000000000001, 1.9000000000000001, 2.9000000000000004)": -17.037818357800003, "(0.7000000000000001, 1.9500000000000002, 2.85)": -16.973478064200002, "(0.7000000000000001, 2.0, 2.8000000000000003)": -16.909048683400002, "(0.75, 1.75, 3.0)": -21.861909035200004, "(0.75, 1.8, 2.95)": -21.797687079800003, "(0.75, 1.85, 2.9000000000000004)": -21.7330254688, "(0.75, 1.9000000000000001, 2.85)": -21.6687126216, "(0.75, 1.9500000000000002, 2.8000000000000003)": -21.604354824700003, "(0.75, 2.0, 2.75)": -21.539951286300003, "(0.8, 1.7000000000000002, 3.0)": -26.635341707800002, "(0.8, 1.75, 2.95)": -26.571414690400005, "(0.8, 1.8, 2.9000000000000004)": -26.507424603400004, "(0.8, 1.85, 2.85)": -26.443257230300002, "(0.8, 1.9000000000000001, 2.8000000000000003)": -26.379148881700004, "(0.8, 1.9500000000000002, 2.75)": -26.314980449400004, "(0.8, 2.0, 2.7)": -26.250752766400005, "(0.8500000000000001, 1.6500000000000001, 3.0)": -31.1699873664, "(0.8500000000000001, 1.7000000000000002, 2.95)": -31.1097106244, "(0.8500000000000001, 1.75, 2.9000000000000004)": -31.049067037300002, "(0.8500000000000001, 1.8, 2.85)": -30.9884740333, "(0.8500000000000001, 1.85, 2.8000000000000003)": -30.927935003600002, "(0.8500000000000001, 1.9000000000000001, 2.75)": -30.866839988400002, "(0.8500000000000001, 1.9500000000000002, 2.7)": -30.807250272700003, "(0.8500000000000001, 2.0, 2.6500000000000004)": -30.7461476621, "(0.9, 1.6, 3.0)": -34.313985990800006, "(0.9, 1.6500000000000001, 2.95)": -34.2814908414, "(0.9, 1.7000000000000002, 2.9000000000000004)": -34.248253344700004, "(0.9, 1.75, 2.85)": -34.2142845835, "(0.9, 1.8, 2.8000000000000003)": -34.1796071269, "(0.9, 1.85, 2.75)": -34.144222768800006, "(0.9, 1.9000000000000001, 2.7)": -34.1081534479, "(0.9, 1.9500000000000002, 2.6500000000000004)": -34.0712419345, "(0.9, 2.0, 2.6)": -34.033843044200005, "(0.9500000000000001, 1.55, 3.0)": -32.7991374108, "(0.9500000000000001, 1.6, 2.95)": -32.8261610343, "(0.9500000000000001, 1.6500000000000001, 2.9000000000000004)": -32.8525522312, "(0.9500000000000001, 1.7000000000000002, 2.85)": -32.878320285200004, "(0.9500000000000001, 1.75, 2.8000000000000003)": -32.903443120000006, "(0.9500000000000001, 1.8, 2.75)": -32.927910766500005, "(0.9500000000000001, 1.85, 2.7)": -32.9519177963, "(0.9500000000000001, 1.9000000000000001, 2.6500000000000004)": -32.9751091025, "(0.9500000000000001, 1.9500000000000002, 2.6)": -32.9976213141, "(0.9500000000000001, 2.0, 2.5500000000000003)": -33.0194974754, "(1.0, 1.5, 3.0)": -28.211137070800003, "(1.0, 1.55, 2.95)": -28.258082957600003, "(1.0, 1.6, 2.9000000000000004)": -28.3045756701, "(1.0, 1.6500000000000001, 2.85)": -28.350842785500003, "(1.0, 1.7000000000000002, 2.8000000000000003)": -28.396881298500002, "(1.0, 1.75, 2.75)": -28.442687962700003, "(1.0, 1.8, 2.7)": -28.488260000000004, "(1.0, 1.85, 2.6500000000000004)": -28.533591034300002, "(1.0, 1.9000000000000001, 2.6)": -28.578684079300004, "(1.0, 1.9500000000000002, 2.5500000000000003)": -28.6235329406, "(1.0, 2.0, 2.5)": -28.668134434100004}