{"(0.5, 2.0, 3.0)": -4.2213115638000005, "(0.55, 1.9500000000000002, 3.0)": -8.760230725200003, "(0.55, 2.0, 2.95)": -8.693106035000003, "(0.6000000000000001, 1.9000000000000001, 3.0)": -13.6775877942, "(0.6000000000000001, 1.9500000000000002, 2.95)": -13.613266792500003, "(0.6000000000000001, 2.0, 2.9000000000000004)": -13.549428768500004, "(0.65, 1.85, 3.0)": -18.0677703425, "(0.65, 1.9000000000000001, 2.95)": -18.0085375256, "(0.65, 1.9500000000000002, 2.9000000000000004)": -17.949230373600003, "(0.65, 2.0, 2.85)": -17.889904745400003, "(0.7000000000000001, 1.8, 3.0)": -22.3730057293, "(0.7000000000000001, 1.85, 2.95)": -22.314694374700004, "(0.7000000000000001, 1.9000000000000001, 2.9000000000000004)": -22.256333342100003, "(0.7000000000000001, 1.9500000000000002, 2.85)": -22.1979103112, "(0.7000000000000001, 2.0, 2.8000000000000003)": -22.139454629800003, "(0.75, 1.75, 3.0)": -26.6377297259, "(0.75, 1.8, 2.95)": -26.582859575600004, "(0.75, 1.85, 2.9000000000000004)": -26.5265166525, "(0.75, 1.9000000000000001, 2.85)": -26.4700748963, "(0.75, 1.9500000000000002, 2.8000000000000003)": -26.413548470400002, "(0.75, 2.0, 2.75)": -26.356938246200002, "(0.8, 1.7000000000000002, 3.0)": -30.585099709900003, "(0.8, 1.75, 2.95)": -30.5347803712, "(0.8, 1.8, 2.9000000000000004)": -30.484668128400003, "(0.8, 1.85, 2.85)": -30.434315232900005, "(0.8, 1.9000000000000001, 2.8000000000000003)": -30.383764487100002, "(0.8, 1.9500000000000002, 2.75)": -30.333020578400003, "(0.8, 2.0, 2.7)": -30.282087090400005, "(0.8500000000000001, 1.6500000000000001, 3.0)": -33.2021928889, "(0.8500000000000001, 1.7000000000000002, 2.95)": -33.177236035300005, "(0.8500000000000001, 1.75, 2.9000000000000004)": -33.1517098072, "(0.8500000000000001, 1.8, 2.85)": -33.1256203011, "(0.8500000000000001, 1.85, 2.8000000000000003)": -33.0989760983, "(0.8500000000000001, 1.9000000000000001, 2.75)": -33.071783436900006, "(0.8500000000000001, 1.9500000000000002, 2.7)": -33.044049323100005, "(0.8500000000000001, 2.0, 2.6500000000000004)": -33.0157807713, "(0.9, 1.6, 3.0)": -32.410395081400004, "(0.9, 1.6500000000000001, 2.95)": -32.4295296494, "(0.9, 1.7000000000000002, 2.9000000000000004)": -32.448114229800005, "(0.9, 1.75, 2.85)": -32.466157747000004, "(0.9, 1.8, 2.8000000000000003)": -32.483643640400004, "(0.9, 1.85, 2.75)": -32.500606687600005, "(0.9, 1.9000000000000001, 2.7)": -32.517014931800006, "(0.9, 1.9500000000000002, 2.6500000000000004)": -32.5329029406, "(0.9, 2.0, 2.6)": -32.548232524700005, "(0.9500000000000001, 1.55, 3.0)": -28.849444463100003, "(0.9500000000000001, 1.6, 2.95)": -28.888814205900005, "(0.9500000000000001, 1.6500000000000001, 2.9000000000000004)": -28.927961931300004, "(0.9500000000000001, 1.7000000000000002, 2.85)": -28.9668777491, "(0.9500000000000001, 1.75, 2.8000000000000003)": -29.0055737909, "(0.9500000000000001, 1.8, 2.75)": -29.044039659200003, "(0.9500000000000001, 1.85, 2.7)": -29.082273237500004, "(0.9500000000000001, 1.9000000000000001, 2.6500000000000004)": -29.120270890500002, "(0.9500000000000001, 1.9500000000000002, 2.6)": -29.158032039400002, "(0.9500000000000001, 2.0, 2.5500000000000003)": -29.195550470700002, "(1.0, 1.5, 3.0)": -24.331048642000003, "(1.0, 1.55, 2.95)": -24.3768464491, "(1.0, 1.6, 2.9000000000000004)": -24.422486490300003, "(1.0, 1.6500000000000001, 2.85)": -24.468035472400004, "(1.0, 1.7000000000000002, 2.8000000000000003)": -24.513465909900003, "(1.0, 1.75, 2.75)": -24.558788367800002, "(1.0, 1.8, 2.7)": -24.6039984752, "(1.0, 1.85, 2.6500000000000004)": -24.649125593200004, "(1.0, 1.9000000000000001, 2.6)": -24.6941119576, "(1.0, 1.9500000000000002, 2.5500000000000003)": -24.7389772959, "(1.0, 2.0, 2.5)": -24.783724598300005}