{"81": {"{'row-1': [0.0, 6.732244596, 6.732244596], 'row-2': [6.732244596, 0.0, 6.732244596], 'row-3': [6.732244596, 6.732244596, 0.0]}": {"['(6s1/2)', '(5d3/2)', '(5d5/2)', '(6p1/2)', '(6p3/2)']": {"(0.0, 0.5, 3.0, 1.0, 2.0)": 40.3278328567, "(0.0, 1.0, 2.5, 1.0, 2.0)": 39.628494242, "(0.0, 1.0, 3.0, 0.5, 2.0)": 26.794892383, "(0.0, 1.0, 3.0, 1.0, 1.5)": 26.4934031035, "(0.0, 1.5, 2.0, 1.0, 2.0)": 38.9562220863, "(0.0, 1.5, 2.5, 0.5, 2.0)": 26.1503343293, "(0.0, 1.5, 2.5, 1.0, 1.5)": 25.8301269471, "(0.0, 1.5, 3.0, 0.0, 2.0)": 14.6263083923, "(0.0, 1.5, 3.0, 0.5, 1.5)": 14.0814004585, "(0.0, 1.5, 3.0, 1.0, 1.0)": 13.6325206307, "(0.0, 2.0, 1.5, 1.0, 2.0)": 38.3118868436, "(0.0, 2.0, 2.0, 0.5, 2.0)": 25.5480462439, "(0.0, 2.0, 2.0, 1.0, 1.5)": 25.1347104843, "(0.0, 2.0, 2.5, 0.0, 2.0)": 14.1541701695, "(0.0, 2.0, 2.5, 0.5, 1.5)": 13.5867778297, "(0.0, 2.0, 2.5, 1.0, 1.0)": 13.115589544, "(0.0, 2.0, 3.0, 0.0, 1.5)": 6.8874869976, "(0.0, 2.0, 3.0, 0.5, 1.0)": 6.1476805189, "(0.0, 2.0, 3.0, 1.0, 0.5)": 5.5174394655, "(0.5, 0.0, 3.0, 1.0, 2.0)": 53.2460621174, "(0.5, 0.5, 2.5, 1.0, 2.0)": 52.5061751491, "(0.5, 0.5, 3.0, 0.5, 2.0)": 38.9760722795, "(0.5, 0.5, 3.0, 1.0, 1.5)": 38.7072921584, "(0.5, 1.0, 2.0, 1.0, 2.0)": 51.7864401924, "(0.5, 1.0, 2.5, 0.5, 2.0)": 38.2525147489, "(0.5, 1.0, 2.5, 1.0, 1.5)": 37.9768817197, "(0.5, 1.0, 3.0, 0.0, 2.0)": 25.2974266325, "(0.5, 1.0, 3.0, 0.5, 1.5)": 25.0009331788, "(0.5, 1.0, 3.0, 1.0, 1.0)": 24.7742289835, "(0.5, 1.5, 1.5, 1.0, 2.0)": 51.0876117306, "(0.5, 1.5, 2.0, 0.5, 2.0)": 37.5561489314, "(0.5, 1.5, 2.0, 1.0, 1.5)": 37.2734303717, "(0.5, 1.5, 2.5, 0.0, 2.0)": 24.6168497125, "(0.5, 1.5, 2.5, 0.5, 1.5)": 24.3093150792, "(0.5, 1.5, 2.5, 1.0, 1.0)": 24.0726502344, "(0.5, 1.5, 3.0, 0.0, 1.5)": 12.3514436455, "(0.5, 1.5, 3.0, 0.5, 1.0)": 12.0523143439, "(0.5, 1.5, 3.0, 1.0, 0.5)": 11.8616394754, "(0.5, 2.0, 1.0, 1.0, 2.0)": 50.4103036653, "(0.5, 2.0, 1.5, 0.5, 2.0)": 36.8880111175, "(0.5, 2.0, 1.5, 1.0, 1.5)": 36.598297834, "(0.5, 2.0, 2.0, 0.0, 2.0)": 23.9795405577, "(0.5, 2.0, 2.0, 0.5, 1.5)": 23.6606983866, "(0.5, 2.0, 2.0, 1.0, 1.0)": 23.4704187055, "(0.5, 2.0, 2.5, 0.0, 1.5)": 11.7945620439, "(0.5, 2.0, 2.5, 0.5, 1.0)": 11.4728512662, "(0.5, 2.0, 2.5, 1.0, 0.5)": 11.2627401026, "(0.5, 2.0, 3.0, 0.0, 1.0)": 4.4088402527, "(0.5, 2.0, 3.0, 0.5, 0.5)": 4.0092336815, "(0.5, 2.0, 3.0, 1.0, 0.0)": 3.8054919237, "(1.0, 0.0, 2.5, 1.0, 2.0)": 66.2804894059, "(1.0, 0.0, 3.0, 0.5, 2.0)": 52.1551221569, "(1.0, 0.0, 3.0, 1.0, 1.5)": 51.9530657787, "(1.0, 0.5, 2.0, 1.0, 2.0)": 65.5324102219, "(1.0, 0.5, 2.5, 0.5, 2.0)": 51.3982570119, "(1.0, 0.5, 2.5, 1.0, 1.5)": 51.1916458376, "(1.0, 0.5, 3.0, 0.0, 2.0)": 37.7605270541, "(1.0, 0.5, 3.0, 0.5, 1.5)": 37.6461280954, "(1.0, 0.5, 3.0, 1.0, 1.0)": 37.5010146116, "(1.0, 1.0, 1.5, 1.0, 2.0)": 64.8010536997, "(1.0, 1.0, 2.0, 0.5, 2.0)": 50.6615661943, "(1.0, 1.0, 2.0, 1.0, 1.5)": 50.4503203465, "(1.0, 1.0, 2.5, 0.0, 2.0)": 37.01918074, "(1.0, 1.0, 2.5, 0.5, 1.5)": 36.8939745517, "(1.0, 1.0, 2.5, 1.0, 1.0)": 36.7430758096, "(1.0, 1.0, 3.0, 0.0, 1.5)": 23.9741255015, "(1.0, 1.0, 3.0, 0.5, 1.0)": 23.7868615112, "(1.0, 1.0, 3.0, 1.0, 0.5)": 23.7301474028, "(1.0, 1.5, 1.0, 1.0, 2.0)": 64.0868265302, "(1.0, 1.5, 1.5, 0.5, 2.0)": 49.94435151, "(1.0, 1.5, 1.5, 1.0, 1.5)": 49.7298007194, "(1.0, 1.5, 2.0, 0.0, 2.0)": 36.3052413913, "(1.0, 1.5, 2.0, 0.5, 1.5)": 36.1687473066, "(1.0, 1.5, 2.0, 1.0, 1.0)": 36.0121515269, "(1.0, 1.5, 2.5, 0.0, 1.5)": 23.2422318393, "(1.0, 1.5, 2.5, 0.5, 1.0)": 23.0553944052, "(1.0, 1.5, 2.5, 1.0, 0.5)": 22.9919920406, "(1.0, 1.5, 3.0, 0.0, 1.0)": 11.033122458, "(1.0, 1.5, 3.0, 0.5, 0.5)": 11.0298094479, "(1.0, 1.5, 3.0, 1.0, 0.0)": 11.1269246014, "(1.0, 2.0, 0.5, 1.0, 2.0)": 63.3902755003, "(1.0, 2.0, 1.0, 0.5, 2.0)": 49.2515275219, "(1.0, 2.0, 1.0, 1.0, 1.5)": 49.030790023, "(1.0, 2.0, 1.5, 0.0, 2.0)": 35.619939194, "(1.0, 2.0, 1.5, 0.5, 1.5)": 35.4720529204, "(1.0, 2.0, 1.5, 1.0, 1.0)": 35.3100120007, "(1.0, 2.0, 2.0, 0.0, 1.5)": 22.553884228, "(1.0, 2.0, 2.0, 0.5, 1.0)": 22.3674098536, "(1.0, 2.0, 2.0, 1.0, 0.5)": 22.296461344, "(1.0, 2.0, 2.5, 0.0, 1.0)": 10.402269681, "(1.0, 2.0, 2.5, 0.5, 0.5)": 10.3860978048, "(1.0, 2.0, 2.5, 1.0, 0.0)": 10.474518314, "(1.0, 2.0, 3.0, 0.0, 0.5)": 3.9783768218, "(1.0, 2.0, 3.0, 0.5, 0.0)": 4.153041393}}}}