{"15": {"{'row-1': [0.0, 5.183559865, 5.183559865], 'row-2': [5.183559865, 0.0, 5.183559865], 'row-3': [5.183559865, 5.183559865, 0.0]}": {"['(3s1/2)', '(3p1/2)', '(3p3/2)']": {"(0.0, 0.5, 2.0)": 13.85690129, "(0.0, 0.6000000000000001, 1.9000000000000001)": 13.8519268248, "(0.0, 0.7000000000000001, 1.8)": 13.8469689168, "(0.0, 0.8, 1.7000000000000002)": 13.8420266126, "(0.0, 0.9, 1.6)": 13.8371000425, "(0.0, 1.0, 1.5)": 13.832189173, "(0.1, 0.4, 2.0)": 12.7021775256, "(0.1, 0.5, 1.9000000000000001)": 12.6973264902, "(0.1, 0.6000000000000001, 1.8)": 12.6924883141, "(0.1, 0.7000000000000001, 1.7000000000000002)": 12.687671291, "(0.1, 0.8, 1.6)": 12.6828712621, "(0.1, 0.9, 1.5)": 12.6780719379, "(0.1, 1.0, 1.4000000000000001)": 12.6733042068, "(0.2, 0.30000000000000004, 2.0)": 11.581601604, "(0.2, 0.4, 1.9000000000000001)": 11.5768909598, "(0.2, 0.5, 1.8)": 11.5721987272, "(0.2, 0.6000000000000001, 1.7000000000000002)": 11.5675250215, "(0.2, 0.7000000000000001, 1.6)": 11.5628698542, "(0.2, 0.8, 1.5)": 11.5582332335, "(0.2, 0.9, 1.4000000000000001)": 11.5536151707, "(0.2, 1.0, 1.3)": 11.5490117376, "(0.30000000000000004, 0.2, 2.0)": 10.5032506967, "(0.30000000000000004, 0.30000000000000004, 1.9000000000000001)": 10.498704994, "(0.30000000000000004, 0.4, 1.8)": 10.4941893837, "(0.30000000000000004, 0.5, 1.7000000000000002)": 10.4896932038, "(0.30000000000000004, 0.6000000000000001, 1.6)": 10.4852172087, "(0.30000000000000004, 0.7000000000000001, 1.5)": 10.4807615151, "(0.30000000000000004, 0.8, 1.4000000000000001)": 10.4763261286, "(0.30000000000000004, 0.9, 1.3)": 10.4719110684, "(0.30000000000000004, 1.0, 1.2000000000000002)": 10.467516466, "(0.4, 0.1, 2.0)": 9.4782973849, "(0.4, 0.2, 1.9000000000000001)": 9.4739750987, "(0.4, 0.30000000000000004, 1.8)": 9.4696751177, "(0.4, 0.4, 1.7000000000000002)": 9.4654020453, "(0.4, 0.5, 1.6)": 9.4611465295, "(0.4, 0.6000000000000001, 1.5)": 9.4569133656, "(0.4, 0.7000000000000001, 1.4000000000000001)": 9.4527025855, "(0.4, 0.8, 1.3)": 9.4485142032, "(0.4, 0.9, 1.2000000000000002)": 9.4443482411, "(0.4, 1.0, 1.1)": 9.4401859121, "(0.5, 0.0, 2.0)": 8.5223741117, "(0.5, 0.1, 1.9000000000000001)": 8.5183258297, "(0.5, 0.2, 1.8)": 8.5143023305, "(0.5, 0.30000000000000004, 1.7000000000000002)": 8.5103036062, "(0.5, 0.4, 1.6)": 8.5063295918, "(0.5, 0.5, 1.5)": 8.502380526, "(0.5, 0.6000000000000001, 1.4000000000000001)": 8.4984560774, "(0.5, 0.7000000000000001, 1.3)": 8.4945564531, "(0.5, 0.8, 1.2000000000000002)": 8.4906815928, "(0.5, 0.9, 1.1)": 8.4868316042, "(0.5, 1.0, 1.0)": 8.4830064332, "(0.6000000000000001, 0.0, 1.9000000000000001)": 7.6535364432, "(0.6000000000000001, 0.1, 1.8)": 7.6498761607, "(0.6000000000000001, 0.2, 1.7000000000000002)": 7.646243323, "(0.6000000000000001, 0.30000000000000004, 1.6)": 7.642635046, "(0.6000000000000001, 0.4, 1.5)": 7.6390572036, "(0.6000000000000001, 0.5, 1.4000000000000001)": 7.6355068401, "(0.6000000000000001, 0.6000000000000001, 1.3)": 7.6319839994, "(0.6000000000000001, 0.8, 1.1)": 7.6250209104, "(0.6000000000000001, 0.9, 1.0)": 7.6215809707, "(0.6000000000000001, 1.0, 0.9)": 7.6181680482, "(0.7000000000000001, 0.0, 1.8)": 6.9058501035, "(0.7000000000000001, 0.1, 1.7000000000000002)": 6.9026972513, "(0.7000000000000001, 0.2, 1.6)": 6.8995747374, "(0.7000000000000001, 0.30000000000000004, 1.5)": 6.8964826313, "(0.7000000000000001, 0.4, 1.4000000000000001)": 6.8934217421, "(0.7000000000000001, 0.5, 1.3)": 6.8903906438, "(0.7000000000000001, 0.7000000000000001, 1.1)": 6.8844197323, "(0.7000000000000001, 0.8, 1.0)": 6.8814799471, "(0.7000000000000001, 0.9, 0.9)": 6.8785706267, "(0.7000000000000001, 1.0, 0.8)": 6.8756917841, "(0.8, 0.0, 1.7000000000000002)": 6.3170699353, "(0.8, 0.1, 1.6)": 6.3145718823, "(0.8, 0.2, 1.5)": 6.3121069627, "(0.8, 0.30000000000000004, 1.4000000000000001)": 6.3096757447, "(0.8, 0.4, 1.3)": 6.307277248, "(0.8, 0.5, 1.2000000000000002)": 6.3049118033, "(0.8, 0.6000000000000001, 1.1)": 6.3025795242, "(0.8, 0.7000000000000001, 1.0)": 6.3002804397, "(0.8, 0.8, 0.9)": 6.2980145446, "(0.8, 0.9, 0.8)": 6.2957818405, "(0.8, 1.0, 0.7000000000000001)": 6.2935825074, "(0.9, 0.0, 1.6)": 5.928680151, "(0.9, 0.1, 1.5)": 5.926984608, "(0.9, 0.2, 1.4000000000000001)": 5.9253242145, "(0.9, 0.30000000000000004, 1.3)": 5.9236989697, "(0.9, 0.4, 1.2000000000000002)": 5.9221088706, "(0.9, 0.5, 1.1)": 5.9205539084, "(0.9, 0.6000000000000001, 1.0)": 5.9190340938, "(0.9, 0.7000000000000001, 0.9)": 5.9175494146, "(0.9, 0.8, 0.8)": 5.9160998685, "(0.9, 0.9, 0.7000000000000001)": 5.9146854429, "(0.9, 1.0, 0.6000000000000001)": 5.913306125, "(1.0, 0.0, 1.5)": 5.7749606521, "(1.0, 0.1, 1.4000000000000001)": 5.7741651077, "(1.0, 0.2, 1.3)": 5.7734052796, "(1.0, 0.30000000000000004, 1.2000000000000002)": 5.7726816045, "(1.0, 0.4, 1.1)": 5.7719931337, "(1.0, 0.5, 1.0)": 5.7713403205, "(1.0, 0.6000000000000001, 0.9)": 5.7707231422, "(1.0, 0.7000000000000001, 0.8)": 5.7701415777, "(1.0, 0.8, 0.7000000000000001)": 5.769595608, "(1.0, 0.9, 0.6000000000000001)": 5.7690852078, "(1.0, 1.0, 0.5)": 5.7686103562}}}}