{"62": {"{'row-1': [-3.31671382, 3.31671382, 3.31671382], 'row-2': [3.31671382, -3.31671382, 3.31671382], 'row-3': [3.31671382, 3.31671382, -3.31671382]}": {"['(5p1/2)', '(5p3/2)', '(6s1/2)', '(4f5/2)', '(4f7/2)']": {"(0.0, 0.0, 0.0, 3.0, 4.0)": [322.9972721679, 322.9972721679], "(0.0, 0.0, 0.5, 2.5, 4.0)": [219.0695810902, 219.0695810902], "(0.0, 0.0, 0.5, 3.0, 3.5)": [219.3031255596, 219.3031255596], "(0.0, 0.0, 1.0, 2.0, 4.0)": [109.0704856405, 109.0704856405], "(0.0, 0.0, 1.0, 2.5, 3.5)": [109.1412292002, 109.1412292002], "(0.0, 0.0, 1.0, 3.0, 3.0)": [109.2106799091, 109.2106799091], "(0.0, 0.5, 0.0, 2.5, 4.0)": [311.9097840091, 311.9097840091], "(0.0, 0.5, 0.0, 3.0, 3.5)": [312.1172861713, 312.1172861713], "(0.0, 0.5, 0.5, 2.0, 4.0)": [128.2292313413, 128.2292313413], "(0.0, 0.5, 0.5, 2.5, 3.5)": [128.2090475281, 128.2090475281], "(0.0, 0.5, 0.5, 3.0, 3.0)": [128.2002306272, 128.2002306272], "(0.0, 0.5, 1.0, 1.5, 4.0)": [105.395920008, 105.395920008], "(0.0, 0.5, 1.0, 2.0, 3.5)": [105.5430809438, 105.5430809438], "(0.0, 0.5, 1.0, 2.5, 3.0)": [105.6923035, 105.6923035], "(0.0, 0.5, 1.0, 3.0, 2.5)": [105.840084635, 105.840084635], "(0.0, 1.0, 0.0, 2.0, 4.0)": [126.4503365661, 126.4503365661], "(0.0, 1.0, 0.0, 2.5, 3.5)": [126.1511664117, 126.1511664117], "(0.0, 1.0, 0.0, 3.0, 3.0)": [125.7820101061, 125.7820101061], "(0.0, 1.0, 0.5, 1.5, 4.0)": [103.3034403754, 103.3034403754], "(0.0, 1.0, 0.5, 2.0, 3.5)": [103.2178374817, 103.2178374817], "(0.0, 1.0, 0.5, 2.5, 3.0)": [103.142812725, 103.142812725], "(0.0, 1.0, 0.5, 3.0, 2.5)": [103.0821113659, 103.0821113659], "(0.0, 1.0, 1.0, 1.0, 4.0)": [100.4172442062, 100.4172442062], "(0.0, 1.0, 1.0, 1.5, 3.5)": [100.5950323142, 100.5950323142], "(0.0, 1.0, 1.0, 2.0, 3.0)": [100.7745390391, 100.7745390391], "(0.0, 1.0, 1.0, 2.5, 2.5)": [100.9536092963, 100.9536092963], "(0.0, 1.0, 1.0, 3.0, 2.0)": [101.1315284863, 101.1315284863], "(0.0, 1.5, 0.0, 1.5, 4.0)": [274.5182884288, 274.5182884288], "(0.0, 1.5, 0.0, 2.0, 3.5)": [274.5174985313, 274.5174985313], "(0.0, 1.5, 0.0, 2.5, 3.0)": [112.8930085961, 112.8930085961], "(0.0, 1.5, 0.0, 3.0, 2.5)": [112.4865756477, 112.4865756477], "(0.0, 1.5, 0.5, 1.0, 4.0)": [96.3555705912, 96.3555705912], "(0.0, 1.5, 0.5, 1.5, 3.5)": [96.6542050214, 96.6542050214], "(0.0, 1.5, 0.5, 2.0, 3.0)": [97.0001598587, 97.0001598587], "(0.0, 1.5, 0.5, 2.5, 2.5)": [97.3659049285, 97.3659049285], "(0.0, 1.5, 0.5, 3.0, 2.0)": [97.7181143481, 97.7181143481], "(0.0, 1.5, 1.0, 0.5, 4.0)": [94.4017538904, 94.4017538904], "(0.0, 1.5, 1.0, 1.0, 3.5)": [94.6316454154, 94.6316454154], "(0.0, 1.5, 1.0, 1.5, 3.0)": [94.8639802705, 94.8639802705], "(0.0, 1.5, 1.0, 2.0, 2.5)": [95.0952090543, 95.0952090543], "(0.0, 1.5, 1.0, 2.5, 2.0)": [95.3228541163, 95.3228541163], "(0.0, 1.5, 1.0, 3.0, 1.5)": [95.5520749209, 95.5520749209], "(0.0, 2.0, 0.0, 1.0, 4.0)": [156.5272557235, 156.5272557235], "(0.0, 2.0, 0.0, 1.5, 3.5)": [156.7070091489, 156.7070091489], "(0.0, 2.0, 0.0, 2.0, 3.0)": [156.8120216663, 156.8120216663], "(0.0, 2.0, 0.0, 2.5, 2.5)": [156.8521159108, 156.8521159108], "(0.0, 2.0, 0.0, 3.0, 2.0)": [178.7431048982, 178.7431048982], "(0.0, 2.0, 0.5, 0.5, 4.0)": [91.1689604292, 91.1689604292], "(0.0, 2.0, 0.5, 1.0, 3.5)": [91.4126931711, 91.4126931711], "(0.0, 2.0, 0.5, 1.5, 3.0)": [91.6571855206, 91.6571855206], "(0.0, 2.0, 0.5, 2.0, 2.5)": [91.8841176728, 91.8841176728], "(0.0, 2.0, 0.5, 2.5, 2.0)": [92.133774756, 92.133774756], "(0.0, 2.0, 0.5, 3.0, 1.5)": [92.3617487961, 92.3617487961], "(0.0, 2.0, 1.0, 0.0, 4.0)": [86.2343126042, 86.2343126042], "(0.0, 2.0, 1.0, 0.5, 3.5)": [86.5597150086, 86.5597150086], "(0.0, 2.0, 1.0, 1.0, 3.0)": [86.8832579042, 86.8832579042], "(0.0, 2.0, 1.0, 1.5, 2.5)": [87.2036522857, 87.2036522857], "(0.0, 2.0, 1.0, 2.0, 2.0)": [87.5223769167, 87.5223769167], "(0.0, 2.0, 1.0, 2.5, 1.5)": [87.9291376756, 87.9291376756], "(0.0, 2.0, 1.0, 3.0, 1.0)": [88.1501370763, 88.1501370763], "(0.5, 0.0, 0.0, 2.5, 4.0)": [315.6404749018, 315.6404749018], "(0.5, 0.0, 0.0, 3.0, 3.5)": [315.8440574869, 315.8440574869], "(0.5, 0.0, 0.5, 2.0, 4.0)": [131.6182394977, 131.6182394976], "(0.5, 0.0, 0.5, 2.5, 3.5)": [131.6001934786, 131.6001934786], "(0.5, 0.0, 0.5, 3.0, 3.0)": [131.5948176381, 131.5948176381], "(0.5, 0.0, 1.0, 1.5, 4.0)": [105.270059278, 105.270059278], "(0.5, 0.0, 1.0, 2.0, 3.5)": [105.418905464, 105.418905464], "(0.5, 0.0, 1.0, 2.5, 3.0)": [105.5639081261, 105.5639081261], "(0.5, 0.0, 1.0, 3.0, 2.5)": [105.7100131469, 105.7100131469], "(0.5, 0.5, 0.0, 2.0, 4.0)": [125.4598906759, 125.4598906759], "(0.5, 0.5, 0.0, 2.5, 3.5)": [125.1521073367, 125.1521073367], "(0.5, 0.5, 0.0, 3.0, 3.0)": [124.7928869649, 124.7928869649], "(0.5, 0.5, 0.5, 1.5, 4.0)": [107.5472095299, 107.5472095299], "(0.5, 0.5, 0.5, 2.0, 3.5)": [107.463916138, 107.463916138], "(0.5, 0.5, 0.5, 2.5, 3.0)": [107.3926650567, 107.3926650567], "(0.5, 0.5, 0.5, 3.0, 2.5)": [107.3349828986, 107.3349828986], "(0.5, 0.5, 1.0, 1.0, 4.0)": [100.363516622, 100.363516622], "(0.5, 0.5, 1.0, 1.5, 3.5)": [100.5405188513, 100.5405188513], "(0.5, 0.5, 1.0, 2.0, 3.0)": [100.7156944604, 100.7156944604], "(0.5, 0.5, 1.0, 2.5, 2.5)": [100.8943038053, 100.8943038053], "(0.5, 0.5, 1.0, 3.0, 2.0)": [101.0702402407, 101.0702402407], "(0.5, 1.0, 0.0, 1.5, 4.0)": [279.9249010246, 279.9249010247], "(0.5, 1.0, 0.0, 2.0, 3.5)": [111.1763213398, 111.1763213398], "(0.5, 1.0, 0.0, 2.5, 3.0)": [110.8438593989, 110.8438593989], "(0.5, 1.0, 0.0, 3.0, 2.5)": [110.4283492346, 110.4283492346], "(0.5, 1.0, 0.5, 1.0, 4.0)": [138.9074997797, 138.9074997797], "(0.5, 1.0, 0.5, 1.5, 3.5)": [139.0700238038, 139.0700238038], "(0.5, 1.0, 0.5, 2.0, 3.0)": [139.2340076433, 139.2340076433], "(0.5, 1.0, 0.5, 2.5, 2.5)": [96.6813510865, 96.6813510865], "(0.5, 1.0, 0.5, 3.0, 2.0)": [97.2471065169, 97.2471065169], "(0.5, 1.0, 1.0, 0.5, 4.0)": [94.5437017749, 94.5437017749], "(0.5, 1.0, 1.0, 1.0, 3.5)": [94.7144306446, 94.7144306446], "(0.5, 1.0, 1.0, 1.5, 3.0)": [94.9421949255, 94.9421949255], "(0.5, 1.0, 1.0, 2.0, 2.5)": [95.1669643411, 95.1669643411], "(0.5, 1.0, 1.0, 2.5, 2.0)": [95.3924678684, 95.3924678684], "(0.5, 1.0, 1.0, 3.0, 1.5)": [95.6169634829, 95.6169634829], "(0.5, 1.5, 0.0, 1.0, 4.0)": [182.7365619929, 182.7365619929], "(0.5, 1.5, 0.0, 1.5, 3.5)": [182.899110734, 182.899110734], "(0.5, 1.5, 0.0, 2.0, 3.0)": [183.113551227, 183.113551227], "(0.5, 1.5, 0.0, 2.5, 2.5)": [154.2636841123, 154.2636841123], "(0.5, 1.5, 0.0, 3.0, 2.0)": [154.2319948878, 154.2319948878], "(0.5, 1.5, 0.5, 0.5, 4.0)": [91.2322035213, 91.2322035213], "(0.5, 1.5, 0.5, 1.0, 3.5)": [91.4687408123, 91.4687408123], "(0.5, 1.5, 0.5, 1.5, 3.0)": [91.7022836502, 91.7022836502], "(0.5, 1.5, 0.5, 2.0, 2.5)": [91.9453481255, 91.9453481255], "(0.5, 1.5, 0.5, 2.5, 2.0)": [92.1725522017, 92.1725522017], "(0.5, 1.5, 0.5, 3.0, 1.5)": [92.398916385, 92.398916385], "(0.5, 1.5, 1.0, 0.0, 4.0)": [86.6129219408, 86.6129219408], "(0.5, 1.5, 1.0, 0.5, 3.5)": [86.9272712873, 86.9272712873], "(0.5, 1.5, 1.0, 1.0, 3.0)": [87.3286515327, 87.3286515327], "(0.5, 1.5, 1.0, 1.5, 2.5)": [87.5481862886, 87.5481862886], "(0.5, 1.5, 1.0, 2.0, 2.0)": [87.8577562146, 87.8577562146], "(0.5, 1.5, 1.0, 2.5, 1.5)": [88.1645403094, 88.1645403094], "(0.5, 1.5, 1.0, 3.0, 1.0)": [88.4679245475, 88.4679245475], "(0.5, 2.0, 0.0, 0.5, 4.0)": [153.5503300538, 153.5503300538], "(0.5, 2.0, 0.0, 1.0, 3.5)": [149.3348657462, 149.3348657462], "(0.5, 2.0, 0.0, 1.5, 3.0)": [149.4729760265, 149.4729760265], "(0.5, 2.0, 0.0, 2.0, 2.5)": [149.6056021427, 149.6056021427], "(0.5, 2.0, 0.0, 2.5, 2.0)": [149.7528578883, 149.7528578883], "(0.5, 2.0, 0.0, 3.0, 1.5)": [149.92004265, 149.92004265], "(0.5, 2.0, 0.5, 0.0, 4.0)": [83.6070544832, 83.6070544832], "(0.5, 2.0, 0.5, 0.5, 3.5)": [83.9389786206, 83.9389786206], "(0.5, 2.0, 0.5, 1.0, 3.0)": [84.2661854623, 84.2661854623], "(0.5, 2.0, 0.5, 1.5, 2.5)": [84.5971532057, 84.5971532057], "(0.5, 2.0, 0.5, 2.0, 2.0)": [84.9284342363, 84.9284342363],