{"29": 39.2053738477, "50": 2.3429233221, "15": 5.7713403205, "67": 127.2428415796, "93": 64.7158995137, "8": 6.8853414266, "27": 12.1002492393, "91": 23.7548060884, "81": 4.5157720066, "62": 13.5781266317}