{"(0.0, 0.0, 2.0, 1.0, 2.0, 3.0)": [69.3004925274, 69.3004925274], "(0.0, 0.5, 1.5, 1.0, 2.0, 3.0)": [68.8973367091, 68.8973367091], "(0.0, 0.5, 2.0, 0.5, 2.0, 3.0)": [55.047165091, 55.047165091], "(0.0, 0.5, 2.0, 1.0, 1.5, 3.0)": [54.9778764129, 54.9778764129], "(0.0, 0.5, 2.0, 1.0, 2.0, 2.5)": [54.9440033254, 54.9440033254], "(0.0, 1.0, 1.0, 1.0, 2.0, 3.0)": [68.5037870609, 68.5037870609], "(0.0, 1.0, 1.5, 0.5, 2.0, 3.0)": [54.7915135969, 54.7915135969], "(0.0, 1.0, 1.5, 1.0, 1.5, 3.0)": [54.6190812018, 54.6190812018], "(0.0, 1.0, 1.5, 1.0, 2.0, 2.5)": [54.5865716415, 54.5865716415], "(0.0, 1.0, 2.0, 0.0, 2.0, 3.0)": [48.1362036727, 48.1362036727], "(0.0, 1.0, 2.0, 0.5, 1.5, 3.0)": [44.5088202248, 44.5088202248], "(0.0, 1.0, 2.0, 0.5, 2.0, 2.5)": [44.5378495185, 44.5378495185], "(0.0, 1.0, 2.0, 1.0, 1.0, 3.0)": [42.9231549265, 42.9231549265], "(0.0, 1.0, 2.0, 1.0, 1.5, 2.5)": [42.895284388, 42.895284388], "(0.0, 1.0, 2.0, 1.0, 2.0, 2.0)": [42.8682224192, 42.8682224192], "(0.5, 0.0, 1.5, 1.0, 2.0, 3.0)": [65.7384295369, 65.7384295369], "(0.5, 0.0, 2.0, 0.5, 2.0, 3.0)": [49.8250735412, 49.8250735412], "(0.5, 0.0, 2.0, 1.0, 1.5, 3.0)": [49.6020341042, 49.6020341042], "(0.5, 0.0, 2.0, 1.0, 2.0, 2.5)": [49.5702351819, 49.5702351819], "(0.5, 0.5, 1.0, 1.0, 2.0, 3.0)": [65.3092141413, 65.3092141413], "(0.5, 0.5, 1.5, 0.5, 2.0, 3.0)": [49.5200515117, 49.5200515117], "(0.5, 0.5, 1.5, 1.0, 1.5, 3.0)": [49.1855021508, 49.1855021508], "(0.5, 0.5, 1.5, 1.0, 2.0, 2.5)": [49.1552132299, 49.1552132299], "(0.5, 0.5, 2.0, 0.0, 2.0, 3.0)": [40.4833921053, 40.4833921053], "(0.5, 0.5, 2.0, 0.5, 1.5, 3.0)": [36.1501348679, 36.1501348679], "(0.5, 0.5, 2.0, 0.5, 2.0, 2.5)": [36.1938328685, 36.1938328685], "(0.5, 0.5, 2.0, 1.0, 1.0, 3.0)": [33.8652993657, 33.8652993657], "(0.5, 0.5, 2.0, 1.0, 1.5, 2.5)": [33.8406168514, 33.8406168514], "(0.5, 0.5, 2.0, 1.0, 2.0, 2.0)": [33.816981908, 33.816981908], "(0.5, 1.0, 0.5, 1.0, 2.0, 3.0)": [64.8897976932, 64.8897976932], "(0.5, 1.0, 1.0, 0.5, 2.0, 3.0)": [49.2284294475, 49.2284294475], "(0.5, 1.0, 1.0, 1.0, 1.5, 3.0)": [48.7821855063, 48.7821855063], "(0.5, 1.0, 1.0, 1.0, 2.0, 2.5)": [48.7534302384, 48.7534302384], "(0.5, 1.0, 1.5, 0.0, 2.0, 3.0)": [40.3461641704, 40.3461641704], "(0.5, 1.0, 1.5, 0.5, 1.5, 3.0)": [35.9533933378, 35.9533933378], "(0.5, 1.0, 1.5, 0.5, 2.0, 2.5)": [35.9993228035, 35.9993228035], "(0.5, 1.0, 1.5, 1.0, 1.0, 3.0)": [33.5020328417, 33.5020328417], "(0.5, 1.0, 1.5, 1.0, 1.5, 2.5)": [33.479834797, 33.479834797], "(0.5, 1.0, 1.5, 1.0, 2.0, 2.0)": [33.4586992693, 33.4586992693], "(0.5, 1.0, 2.0, 0.0, 1.5, 3.0)": [33.1482948063, 33.1482948063], "(0.5, 1.0, 2.0, 0.0, 2.0, 2.5)": [33.237360441, 33.237360441], "(0.5, 1.0, 2.0, 0.5, 1.0, 3.0)": [26.8720656427, 26.8720656427], "(0.5, 1.0, 2.0, 0.5, 1.5, 2.5)": [26.9569377757, 26.9569377757], "(0.5, 1.0, 2.0, 0.5, 2.0, 2.0)": [27.0424516412, 27.0424516412], "(0.5, 1.0, 2.0, 1.0, 0.5, 3.0)": [20.8842790592, 20.8842790592], "(0.5, 1.0, 2.0, 1.0, 1.0, 2.5)": [20.8834397817, 20.8834397817], "(0.5, 1.0, 2.0, 1.0, 1.5, 2.0)": [20.8844238478, 20.8844238478], "(0.5, 1.0, 2.0, 1.0, 2.0, 1.5)": [20.8872365576, 20.8872365576], "(1.0, 0.0, 1.0, 1.0, 2.0, 3.0)": [67.2731493633, 67.2731493633], "(1.0, 0.0, 1.5, 0.5, 2.0, 3.0)": [50.7236239976, 50.7236239976], "(1.0, 0.0, 1.5, 1.0, 1.5, 3.0)": [50.4020399817, 50.4020399817], "(1.0, 0.0, 1.5, 1.0, 2.0, 2.5)": [50.3763641789, 50.3763641789], "(1.0, 0.0, 2.0, 0.0, 2.0, 3.0)": [40.2395069637, 40.2395069637], "(1.0, 0.0, 2.0, 0.5, 1.5, 3.0)": [36.0548506148, 36.0548506148], "(1.0, 0.0, 2.0, 0.5, 2.0, 2.5)": [36.1040708044, 36.1040708044], "(1.0, 0.0, 2.0, 1.0, 1.0, 3.0)": [33.6734555165, 33.6734555165], "(1.0, 0.0, 2.0, 1.0, 1.5, 2.5)": [33.6570026765, 33.6570026765], "(1.0, 0.0, 2.0, 1.0, 2.0, 2.0)": [33.641691889, 33.641691889], "(1.0, 0.5, 0.5, 1.0, 2.0, 3.0)": [66.8459484832, 66.8459484832], "(1.0, 0.5, 1.0, 0.5, 2.0, 3.0)": [50.4135923474, 50.4135923474], "(1.0, 0.5, 1.0, 1.0, 1.5, 3.0)": [49.9850774845, 49.9850774845], "(1.0, 0.5, 1.0, 1.0, 2.0, 2.5)": [49.9609493188, 49.9609493188], "(1.0, 0.5, 1.5, 0.0, 2.0, 3.0)": [40.0716482309, 40.0716482309], "(1.0, 0.5, 1.5, 0.5, 1.5, 3.0)": [35.825533881, 35.825533881], "(1.0, 0.5, 1.5, 0.5, 2.0, 2.5)": [35.8771721216, 35.8771721216], "(1.0, 0.5, 1.5, 1.0, 1.0, 3.0)": [33.2795204515, 33.2795204515], "(1.0, 0.5, 1.5, 1.0, 1.5, 2.5)": [33.2657967598, 33.2657967598], "(1.0, 0.5, 1.5, 1.0, 2.0, 2.0)": [33.2532176572, 33.2532176572], "(1.0, 0.5, 2.0, 0.0, 1.5, 3.0)": [30.9563043748, 30.9563043748], "(1.0, 0.5, 2.0, 0.0, 2.0, 2.5)": [31.0584038668, 31.0584038668], "(1.0, 0.5, 2.0, 0.5, 1.0, 3.0)": [24.2930630137, 24.2930630137], "(1.0, 0.5, 2.0, 0.5, 1.5, 2.5)": [24.3975011882, 24.3975011882], "(1.0, 0.5, 2.0, 0.5, 2.0, 2.0)": [24.5021182639, 24.5021182639], "(1.0, 0.5, 2.0, 1.0, 0.5, 3.0)": [17.1307746691, 17.1307746691], "(1.0, 0.5, 2.0, 1.0, 1.0, 2.5)": [17.1503880148, 17.1503880148], "(1.0, 0.5, 2.0, 1.0, 1.5, 2.0)": [17.1725477136, 17.1725477136], "(1.0, 0.5, 2.0, 1.0, 2.0, 1.5)": [17.1972998532, 17.1972998532], "(1.0, 1.0, 0.0, 1.0, 2.0, 3.0)": [66.4283766531, 66.4283766531], "(1.0, 1.0, 0.5, 0.5, 2.0, 3.0)": [50.1167385309, 50.1167385309], "(1.0, 1.0, 0.5, 1.0, 1.5, 3.0)": [49.5811302088, 49.5811302088], "(1.0, 1.0, 0.5, 1.0, 2.0, 2.5)": [49.5585709242, 49.5585709242], "(1.0, 1.0, 1.0, 0.0, 2.0, 3.0)": [39.9213131172, 39.9213131172], "(1.0, 1.0, 1.0, 0.5, 1.5, 3.0)": [35.616013449, 35.616013449], "(1.0, 1.0, 1.0, 0.5, 2.0, 2.5)": [35.6696083306, 35.6696083306], "(1.0, 1.0, 1.0, 1.0, 1.0, 3.0)": [32.9060484388, 32.9060484388], "(1.0, 1.0, 1.0, 1.0, 1.5, 2.5)": [32.8951064083, 32.8951064083], "(1.0, 1.0, 1.0, 1.0, 2.0, 2.0)": [32.8853249607, 32.8853249607], "(1.0, 1.0, 1.5, 0.0, 1.5, 3.0)": [30.9978401963, 30.9978401963], "(1.0, 1.0, 1.5, 0.0, 2.0, 2.5)": [31.1012317701, 31.1012317701], "(1.0, 1.0, 1.5, 0.5, 1.0, 3.0)": [24.2871622212, 24.2871622212], "(1.0, 1.0, 1.5, 0.5, 1.5, 2.5)": [24.3938474335, 24.3938474335], "(1.0, 1.0, 1.5, 0.5, 2.0, 2.0)": [24.5011578558, 24.5011578558], "(1.0, 1.0, 1.5, 1.0, 0.5, 3.0)": [16.8577543587, 16.8577543587], "(1.0, 1.0, 1.5, 1.0, 1.0, 2.5)": [16.8840402547, 16.8840402547], "(1.0, 1.0, 1.5, 1.0, 1.5, 2.0)": [16.9129817917, 16.9129817917], "(1.0, 1.0, 1.5, 1.0, 2.0, 1.5)": [16.9445515943, 16.9445515943], "(1.0, 1.0, 2.0, 0.0, 1.0, 3.0)": [29.7693505155, 29.7693505155], "(1.0, 1.0, 2.0, 0.0, 1.5, 2.5)": [29.8977769375, 29.8977769375], "(1.0, 1.0, 2.0, 0.0, 2.0, 2.0)": [30.0260728702, 30.0260728702], "(1.0, 1.0, 2.0, 0.5, 0.5, 3.0)": [21.7326718946, 21.7326718946], "(1.0, 1.0, 2.0, 0.5, 1.0, 2.5)": [21.8848370959, 21.8848370959], "(1.0, 1.0, 2.0, 0.5, 1.5, 2.0)": [22.0375867268, 22.0375867268], "(1.0, 1.0, 2.0, 0.5, 2.0, 1.5)": [22.1896076972, 22.1896076972], "(1.0, 1.0, 2.0, 1.0, 0.0, 3.0)": [7.6335892702, 7.6335892702], "(1.0, 1.0, 2.0, 1.0, 0.5, 2.5)": [7.7958468887, 7.7958468887], "(1.0, 1.0, 2.0, 1.0, 1.0, 2.0)": [7.9598282332, 7.9598282332], "(1.0, 1.0, 2.0, 1.0, 1.5, 1.5)": [8.1253122018, 8.1253122018], "(1.0, 1.0, 2.0, 1.0, 2.0, 1.0)": [8.2922525254, 8.2922525254]}