{"29": {"{'row-1': [0.0, 3.430104019, 3.430104019], 'row-2': [3.430104019, 0.0, 3.430104019], 'row-3': [3.430104019, 3.430104019, 0.0]}": {"['(4s1/2)', '(3d3/2)', '(3d5/2)']": {"(0.5, 2.0, 3.0)": 39.2053738477, "(0.55, 1.9500000000000002, 3.0)": 35.2504483088, "(0.55, 2.0, 2.95)": 35.313091088, "(0.6000000000000001, 1.9000000000000001, 3.0)": 31.0830475038, "(0.6000000000000001, 1.9500000000000002, 2.95)": 31.146486885, "(0.6000000000000001, 2.0, 2.9000000000000004)": 31.2099450935, "(0.65, 1.85, 3.0)": 26.6407617008, "(0.65, 1.9000000000000001, 2.95)": 26.705737643, "(0.65, 1.9500000000000002, 2.9000000000000004)": 26.7707545411, "(0.65, 2.0, 2.85)": 26.8358092231, "(0.7000000000000001, 1.8, 3.0)": 22.0390026834, "(0.7000000000000001, 1.85, 2.95)": 22.1032575426, "(0.7000000000000001, 1.9000000000000001, 2.9000000000000004)": 22.1675554899, "(0.7000000000000001, 1.9500000000000002, 2.85)": 22.2318957835, "(0.7000000000000001, 2.0, 2.8000000000000003)": 22.2963251643, "(0.75, 1.75, 3.0)": 17.3434648125, "(0.75, 1.8, 2.95)": 17.4076867679, "(0.75, 1.85, 2.9000000000000004)": 17.4723483789, "(0.75, 1.9000000000000001, 2.85)": 17.5366612261, "(0.75, 1.9500000000000002, 2.8000000000000003)": 17.601019023, "(0.75, 2.0, 2.75)": 17.6654225614, "(0.8, 1.7000000000000002, 3.0)": 12.5700321399, "(0.8, 1.75, 2.95)": 12.6339591573, "(0.8, 1.8, 2.9000000000000004)": 12.6979492443, "(0.8, 1.85, 2.85)": 12.7621166174, "(0.8, 1.9000000000000001, 2.8000000000000003)": 12.826224966, "(0.8, 1.9500000000000002, 2.75)": 12.8903933983, "(0.8, 2.0, 2.7)": 12.9546210813, "(0.8500000000000001, 1.6500000000000001, 3.0)": 8.0353864813, "(0.8500000000000001, 1.7000000000000002, 2.95)": 8.0956632233, "(0.8500000000000001, 1.75, 2.9000000000000004)": 8.1563068104, "(0.8500000000000001, 1.8, 2.85)": 8.2168998144, "(0.8500000000000001, 1.85, 2.8000000000000003)": 8.2774388441, "(0.8500000000000001, 1.9000000000000001, 2.75)": 8.3385338593, "(0.8500000000000001, 1.9500000000000002, 2.7)": 8.398123575, "(0.8500000000000001, 2.0, 2.6500000000000004)": 8.4592261856, "(0.9, 1.6, 3.0)": 4.8913878569, "(0.9, 1.6500000000000001, 2.95)": 4.9238830063, "(0.9, 1.7000000000000002, 2.9000000000000004)": 4.957120503, "(0.9, 1.75, 2.85)": 4.9910892642, "(0.9, 1.8, 2.8000000000000003)": 5.0257667208, "(0.9, 1.85, 2.75)": 5.0611510789, "(0.9, 1.9000000000000001, 2.7)": 5.0972203998, "(0.9, 1.9500000000000002, 2.6500000000000004)": 5.1341319132, "(0.9, 2.0, 2.6)": 5.1715308035, "(0.9500000000000001, 1.55, 3.0)": 6.4062364369, "(0.9500000000000001, 1.6, 2.95)": 6.3792128134, "(0.9500000000000001, 1.6500000000000001, 2.9000000000000004)": 6.3528216165, "(0.9500000000000001, 1.7000000000000002, 2.85)": 6.3270535625, "(0.9500000000000001, 1.75, 2.8000000000000003)": 6.3019307277, "(0.9500000000000001, 1.8, 2.75)": 6.2774630812, "(0.9500000000000001, 1.85, 2.7)": 6.2534560514, "(0.9500000000000001, 1.9000000000000001, 2.6500000000000004)": 6.2302647452, "(0.9500000000000001, 1.9500000000000002, 2.6)": 6.2077525336, "(0.9500000000000001, 2.0, 2.5500000000000003)": 6.1858763723, "(1.0, 1.5, 3.0)": 10.9942367769, "(1.0, 1.55, 2.95)": 10.9472908901, "(1.0, 1.6, 2.9000000000000004)": 10.9007981776, "(1.0, 1.6500000000000001, 2.85)": 10.8545310622, "(1.0, 1.7000000000000002, 2.8000000000000003)": 10.8084925492, "(1.0, 1.75, 2.75)": 10.762685885, "(1.0, 1.8, 2.7)": 10.7171138477, "(1.0, 1.85, 2.6500000000000004)": 10.6717828134, "(1.0, 1.9000000000000001, 2.6)": 10.6266897684, "(1.0, 1.9500000000000002, 2.5500000000000003)": 10.5818409071, "(1.0, 2.0, 2.5)": 10.5372394136}}}}