{"91": {"{'row-1': [0.0, 4.403252526, 4.403252526], 'row-2': [4.403252526, 0.0, 4.403252526], 'row-3': [4.403252526, 4.403252526, 0.0]}": {"['(6p1/2)', '(6p3/2)', '(7s1/2)', '(5f5/2)', '(5f7/2)', '(6d3/2)', '(6d5/2)']": {"(0.0, 0.0, 0.0, 0.0, 4.0, 1.5, 0.0)": 60.6672592014, "(0.0, 0.0, 0.5, 0.0, 0.0, 2.0, 3.0)": 105.9744061449, "(0.0, 0.0, 0.5, 0.0, 4.0, 1.0, 0.0)": 62.2637821405, "(0.0, 0.0, 0.5, 0.6, 0.0, 2.0, 2.4)": 81.6532077814, "(0.0, 0.0, 0.5, 1.2, 0.0, 2.0, 1.7999999999999998)": 46.4563328952, "(0.0, 0.0, 0.5, 1.7999999999999998, 0.0, 2.0, 1.2)": 39.5478921775, "(0.0, 0.0, 0.5, 2.4, 0.0, 2.0, 0.6)": 48.037201844, "(0.0, 0.0, 0.5, 3.0, 0.0, 2.0, 0.0)": 55.8046242273, "(0.0, 0.0, 1.0, 0.0, 0.0, 1.5, 3.0)": 107.4955466848, "(0.0, 0.0, 1.0, 0.0, 4.0, 0.5, 0.0)": 63.0651925428, "(0.0, 0.0, 1.0, 0.6, 0.0, 1.5, 2.4)": 83.8075599909, "(0.0, 0.0, 1.0, 1.2, 0.0, 1.5, 1.7999999999999998)": 49.81346238, "(0.0, 0.0, 1.0, 1.7999999999999998, 0.0, 1.5, 1.2)": 40.6628534423, "(0.0, 0.0, 1.0, 2.4, 0.0, 1.5, 0.6)": 49.2325881588, "(0.0, 0.0, 1.0, 3.0, 0.0, 1.5, 0.0)": 57.2673185747, "(0.0, 0.5, 0.0, 0.0, 0.0, 2.0, 3.0)": 98.0028425705, "(0.0, 0.5, 0.0, 0.0, 4.0, 1.0, 0.0)": 57.8453582526, "(0.0, 0.5, 0.0, 0.6, 0.0, 2.0, 2.4)": 68.1553511216, "(0.0, 0.5, 0.0, 1.2, 0.0, 2.0, 1.7999999999999998)": 34.2659275234, "(0.0, 0.5, 0.0, 1.7999999999999998, 0.0, 2.0, 1.2)": 35.6905464268, "(0.0, 0.5, 0.0, 2.4, 0.0, 2.0, 0.6)": 45.0284908945, "(0.0, 0.5, 0.0, 3.0, 0.0, 2.0, 0.0)": 51.7586187108, "(0.0, 0.5, 0.5, 0.0, 0.0, 1.5, 3.0)": 99.1962188107, "(0.0, 0.5, 0.5, 0.0, 4.0, 0.5, 0.0)": 59.4618510404, "(0.0, 0.5, 0.5, 0.6, 0.0, 1.5, 2.4)": 71.0740889339, "(0.0, 0.5, 0.5, 1.2, 0.0, 1.5, 1.7999999999999998)": 35.5327005272, "(0.0, 0.5, 0.5, 1.7999999999999998, 0.0, 1.5, 1.2)": 36.320764237, "(0.0, 0.5, 0.5, 2.4, 0.0, 1.5, 0.6)": 46.4017063968, "(0.0, 0.5, 0.5, 3.0, 0.0, 1.5, 0.0)": 53.4772252977, "(0.0, 0.5, 1.0, 0.0, 0.0, 1.0, 3.0)": 100.7453754927, "(0.0, 0.5, 1.0, 0.0, 4.0, 0.0, 0.0)": 61.2506712038, "(0.0, 0.5, 1.0, 0.6, 0.0, 1.0, 2.4)": 74.3397229188, "(0.0, 0.5, 1.0, 1.2, 0.0, 1.0, 1.7999999999999998)": 37.7625302189, "(0.0, 0.5, 1.0, 1.7999999999999998, 0.0, 1.0, 1.2)": 37.2755065367, "(0.0, 0.5, 1.0, 2.4, 0.0, 1.0, 0.6)": 47.2577883948, "(0.0, 0.5, 1.0, 3.0, 0.0, 1.0, 0.0)": 54.9663086035, "(0.0, 1.0, 0.0, 0.0, 0.0, 1.5, 3.0)": 90.8901388017, "(0.0, 1.0, 0.0, 0.0, 4.0, 0.5, 0.0)": 55.2339565033, "(0.0, 1.0, 0.0, 0.6, 0.0, 1.5, 2.4)": 52.6122030597, "(0.0, 1.0, 0.0, 1.2, 0.0, 1.5, 1.7999999999999998)": 26.6934608366, "(0.0, 1.0, 0.0, 1.7999999999999998, 0.0, 1.5, 1.2)": 33.7174804072, "(0.0, 1.0, 0.0, 2.4, 0.0, 1.5, 0.6)": 43.3779582071, "(0.0, 1.0, 0.0, 3.0, 0.0, 1.5, 0.0)": 50.0285925521, "(0.0, 1.0, 0.5, 0.0, 0.0, 1.0, 3.0)": 92.1455591633, "(0.0, 1.0, 0.5, 0.0, 4.0, 0.0, 0.0)": 56.8645961861, "(0.0, 1.0, 0.5, 0.6, 0.0, 1.0, 2.4)": 55.8880144704, "(0.0, 1.0, 0.5, 1.2, 0.0, 1.0, 1.7999999999999998)": 27.3479679417, "(0.0, 1.0, 0.5, 1.7999999999999998, 0.0, 1.0, 1.2)": 34.3552984818, "(0.0, 1.0, 0.5, 2.4, 0.0, 1.0, 0.6)": 44.4524516818, "(0.0, 1.0, 0.5, 3.0, 0.0, 1.0, 0.0)": 51.3880270744, "(0.0, 1.0, 1.0, 0.0, 0.0, 0.5, 3.0)": 93.7757349935, "(0.0, 1.0, 1.0, 0.6, 0.0, 0.5, 2.4)": 60.3683305386, "(0.0, 1.0, 1.0, 1.2, 0.0, 0.5, 1.7999999999999998)": 28.7854782226, "(0.0, 1.0, 1.0, 1.7999999999999998, 0.0, 0.5, 1.2)": 35.2587389315, "(0.0, 1.0, 1.0, 2.4, 0.0, 0.5, 0.6)": 45.7144714392, "(0.0, 1.0, 1.0, 3.0, 0.0, 0.5, 0.0)": 52.9160276676, "(0.0, 1.5, 0.0, 0.0, 0.0, 1.0, 3.0)": 82.9673188114, "(0.0, 1.5, 0.0, 0.0, 4.0, 0.0, 0.0)": 51.9605732795, "(0.0, 1.5, 0.0, 0.6, 0.0, 1.0, 2.4)": 37.1101640082, "(0.0, 1.5, 0.0, 1.2, 0.0, 1.0, 1.7999999999999998)": 21.8871720464, "(0.0, 1.5, 0.0, 1.7999999999999998, 0.0, 1.0, 1.2)": 32.7189511526, "(0.0, 1.5, 0.0, 2.4, 0.0, 1.0, 0.6)": 42.0279381354, "(0.0, 1.5, 0.0, 3.0, 0.0, 1.0, 0.0)": 48.0823546174, "(0.0, 1.5, 0.5, 0.0, 0.0, 0.5, 3.0)": 84.3782693965, "(0.0, 1.5, 0.5, 0.6, 0.0, 0.5, 2.4)": 39.4227614394, "(0.0, 1.5, 0.5, 1.2, 0.0, 0.5, 1.7999999999999998)": 22.1193360795, "(0.0, 1.5, 0.5, 1.7999999999999998, 0.0, 0.5, 1.2)": 33.4132341318, "(0.0, 1.5, 0.5, 2.4, 0.0, 0.5, 0.6)": 43.1830646248, "(0.0, 1.5, 0.5, 3.0, 0.0, 0.5, 0.0)": 49.4994589158, "(0.0, 1.5, 1.0, 0.0, 0.0, 0.0, 3.0)": 86.2479809676, "(0.0, 1.5, 1.0, 0.6, 0.0, 0.0, 2.4)": 43.2647056567, "(0.0, 1.5, 1.0, 1.2, 0.0, 0.0, 1.7999999999999998)": 22.9548724151, "(0.0, 1.5, 1.0, 1.7999999999999998, 0.0, 0.0, 1.2)": 34.3251194154, "(0.0, 1.5, 1.0, 2.4, 0.0, 0.0, 0.6)": 44.5065131436, "(0.0, 1.5, 1.0, 3.0, 0.0, 0.0, 0.0)": 51.077466501, "(0.0, 2.0, 0.0, 0.0, 0.0, 0.5, 3.0)": 71.9478174035, "(0.0, 2.0, 0.0, 0.6, 0.0, 0.5, 2.4)": 24.5570627573, "(0.0, 2.0, 0.0, 1.2, 0.0, 0.5, 1.7999999999999998)": 20.0607671173, "(0.0, 2.0, 0.0, 1.7999999999999998, 0.0, 0.5, 1.2)": 32.5127543885, "(0.0, 2.0, 0.0, 2.4, 0.0, 0.5, 0.6)": 39.939921831, "(0.0, 2.0, 0.0, 3.0, 0.0, 0.5, 0.0)": 46.3122786616, "(0.0, 2.0, 0.5, 0.0, 0.0, 0.0, 3.0)": 74.5372273273, "(0.0, 2.0, 0.5, 0.6, 0.0, 0.0, 2.4)": 25.6701696491, "(0.0, 2.0, 0.5, 1.2, 0.0, 0.0, 1.7999999999999998)": 20.1358757686, "(0.0, 2.0, 0.5, 1.7999999999999998, 0.0, 0.0, 1.2)": 33.3134103748, "(0.0, 2.0, 0.5, 2.4, 0.0, 0.0, 0.6)": 42.1715074603, "(0.0, 2.0, 0.5, 3.0, 0.0, 0.0, 0.0)": 47.7756838401, "(0.5, 0.0, 0.0, 0.0, 0.0, 2.0, 3.0)": 93.8205746793, "(0.5, 0.0, 0.0, 0.0, 4.0, 1.0, 0.0)": 57.9403720677, "(0.5, 0.0, 0.0, 0.6, 0.0, 2.0, 2.4)": 59.9719498004, "(0.5, 0.0, 0.0, 1.2, 0.0, 2.0, 1.7999999999999998)": 30.5616286113, "(0.5, 0.0, 0.0, 1.7999999999999998, 0.0, 2.0, 1.2)": 35.5894573901, "(0.5, 0.0, 0.0, 2.4, 0.0, 2.0, 0.6)": 45.3135429133, "(0.5, 0.0, 0.0, 3.0, 0.0, 2.0, 0.0)": 52.3212536024, "(0.5, 0.0, 0.5, 0.0, 0.0, 1.5, 3.0)": 95.1837869309, "(0.5, 0.0, 0.5, 0.0, 4.0, 0.5, 0.0)": 59.6690697148, "(0.5, 0.0, 0.5, 0.6, 0.0, 1.5, 2.4)": 63.6333405509, "(0.5, 0.0, 0.5, 1.2, 0.0, 1.5, 1.7999999999999998)": 31.8237576598, "(0.5, 0.0, 0.5, 1.7999999999999998, 0.0, 1.5, 1.2)": 36.4508465475, "(0.5, 0.0, 0.5, 2.4, 0.0, 1.5, 0.6)": 46.5091863723, "(0.5, 0.0, 0.5, 3.0, 0.0, 1.5, 0.0)": 53.7743180674, "(0.5, 0.0, 1.0, 0.0, 0.0, 1.0, 3.0)": 96.916228451, "(0.5, 0.0, 1.0, 0.0, 4.0, 0.0, 0.0)": 61.5654376735, "(0.5, 0.0, 1.0, 0.6, 0.0, 1.0, 2.4)": 68.0954328699, "(0.5, 0.0, 1.0, 1.2, 0.0, 1.0, 1.7999999999999998)": 33.9304379922, "(0.5, 0.0, 1.0, 1.7999999999999998, 0.0, 1.0, 1.2)": 37.6158083076, "(0.5, 0.0, 1.0, 2.4, 0.0, 1.0, 0.6)": 47.9092096317, "(0.5, 0.0, 1.0, 3.0, 0.0, 1.0, 0.0)": 55.4061925928, "(0.5, 0.5, 0.0, 0.0, 0.0, 1.5, 3.0)": 86.3250906302, "(0.5, 0.5, 0.0, 0.0, 4.0, 0.5, 0.0)": 55.469363731, "(0.5, 0.5, 0.0, 0.6, 0.0, 1.5, 2.4)": 43.8974141259, "(0.5, 0.5, 0.0, 1.2, 0.0, 1.5, 1.7999999999999998)": 24.4144642307, "(0.5, 0.5, 0.0, 1.7999999999999998, 0.0, 1.5, 1.2)": 34.0741595134, "(0.5, 0.5, 0.0, 2.4, 0.0, 1.5, 0.6)": 43.7922603252, "(0.5, 0.5, 0.0, 3.0, 0.0, 1.5, 0.0)": 50.2962047051, "(0.5, 0.5, 0.5, 0.0, 0.0, 1.0, 3.0)": 87.8276578092, "(0.5, 0.5, 0.5, 0.0, 4.0, 0.0, 0.0)": 57.2053074897, "(0.5, 0.5, 0.5, 0.6, 0.0, 1.0, 2.4)": 47.1195143207, "(0.5, 0.5, 0.5, 1.2, 0.0, 1.0, 1.7999999999999998)": 25.2068725819, "(0.5, 0.5, 0.5, 1.7999999999999998, 0.0, 1.0, 1.2)": 34.963299665, "(0.5, 0.5, 0.5, 2.4, 0.0, 1.0, 0.6)": 45.0518712594, "(0.5, 0.5, 0.5, 3.0, 0.0, 1.0, 0.0)": 51.797516781, "(0.5, 0.5, 1.0, 0.0, 0.0, 0.5, 3.0)": 89.7095666683, "(0.5, 0.5, 1.0, 0.6, 0.0, 0.5, 2.4)": 52.0121299266, "(0.5, 0.5, 1.0, 1.2, 0.0, 0.5, 1.7999999999999998)": 26.6823795415, "(0.5, 0.5, 1.0, 1.7999999999999998, 0.0, 0.5, 1.2)": 36.1088845214, "(0.5, 0.5, 1.0, 2.4, 0.0, 0.5, 0.6)": 46.4964136969, "(0.5, 0.5, 1.0, 3.0, 0.0, 0.5, 0.0)": 53.4636487021, "(0.5, 1.0, 0.0, 0.0, 0.0, 1.0, 3.0)": 77.2704395157, "(0.5, 1.0, 0.0, 0.0, 4.0, 0.0, 0.0)": 53.2652816745, "(0.5, 1.0, 0.0, 0.6, 0.0, 1.0, 2.4)": 29.7823240311, "(0.5, 1.0, 0.0, 1.2, 0.0, 1.0, 1.7999999999999998)": 21.1214682405, "(0.5, 1.0, 0.0, 1.7999999999999998, 0.0, 1.0, 1.2)": 33.4574628037,