{"8": {"{'row-1': [0.0, 4.161825617, 4.161825617], 'row-2': [4.161825617, 0.0, 4.161825617], 'row-3': [4.161825617, 4.161825617, 0.0]}": {"['(2s1/2)', '(2p1/2)', '(2p3/2)']": {"(0.0, 1.0, 2.0)": 52.0654629554, "(0.05, 0.9500000000000001, 2.0)": 49.6257934638, "(0.05, 1.0, 1.9500000000000002)": 49.6267994432, "(0.1, 0.9, 2.0)": 47.1884923771, "(0.1, 0.9500000000000001, 1.9500000000000002)": 47.1895771397, "(0.1, 1.0, 1.9000000000000001)": 47.1906633546, "(0.15000000000000002, 0.8500000000000001, 2.0)": 44.7539052967, "(0.15000000000000002, 0.9, 1.9500000000000002)": 44.755073542, "(0.15000000000000002, 0.9500000000000001, 1.9000000000000001)": 44.756243324, "(0.15000000000000002, 1.0, 1.85)": 44.757414605, "(0.2, 0.8, 2.0)": 42.3224512121, "(0.2, 0.8500000000000001, 1.9500000000000002)": 42.3237083502, "(0.2, 0.9, 1.9000000000000001)": 42.3249670411, "(0.2, 0.9500000000000001, 1.85)": 42.3262273616, "(0.2, 1.0, 1.8)": 42.3274892905, "(0.25, 0.75, 2.0)": 39.8946441778, "(0.25, 0.8, 1.9500000000000002)": 39.8959964142, "(0.25, 0.8500000000000001, 1.9000000000000001)": 39.8973503112, "(0.25, 0.9, 1.85)": 39.8987059627, "(0.25, 0.9500000000000001, 1.8)": 39.9000632855, "(0.25, 1.0, 1.75)": 39.9014223036, "(0.30000000000000004, 0.7000000000000001, 2.0)": 37.4711234594, "(0.30000000000000004, 0.75, 1.9500000000000002)": 37.4725781334, "(0.30000000000000004, 0.8, 1.9000000000000001)": 37.4740345815, "(0.30000000000000004, 0.8500000000000001, 1.85)": 37.4754928948, "(0.30000000000000004, 0.9, 1.8)": 37.4769530051, "(0.30000000000000004, 0.9500000000000001, 1.75)": 37.478414882, "(0.30000000000000004, 1.0, 1.7000000000000002)": 37.4798786423, "(0.35000000000000003, 0.65, 2.0)": 35.052695911, "(0.35000000000000003, 0.7000000000000001, 1.9500000000000002)": 35.0542617044, "(0.35000000000000003, 0.75, 1.9000000000000001)": 35.0558294755, "(0.35000000000000003, 0.8, 1.85)": 35.0573991317, "(0.35000000000000003, 0.8500000000000001, 1.8)": 35.0589707706, "(0.35000000000000003, 0.9, 1.75)": 35.0605443522, "(0.35000000000000003, 0.9500000000000001, 1.7000000000000002)": 35.0621198762, "(0.35000000000000003, 1.0, 1.6500000000000001)": 35.0636973644, "(0.4, 0.6000000000000001, 2.0)": 32.6403967282, "(0.4, 0.65, 1.9500000000000002)": 32.6420841026, "(0.4, 0.7000000000000001, 1.9000000000000001)": 32.6437735887, "(0.4, 0.75, 1.85)": 32.6454651127, "(0.4, 0.8, 1.8)": 32.6471587671, "(0.4, 0.8500000000000001, 1.75)": 32.648854517, "(0.4, 0.9, 1.7000000000000002)": 32.6505523557, "(0.4, 0.9500000000000001, 1.6500000000000001)": 32.6522522856, "(0.4, 1.0, 1.6)": 32.653954304, "(0.45, 0.55, 2.0)": 30.2355783536, "(0.45, 0.6000000000000001, 1.9500000000000002)": 30.2373999924, "(0.45, 0.65, 1.9000000000000001)": 30.2392238759, "(0.45, 0.7000000000000001, 1.85)": 30.2410499868, "(0.45, 0.75, 1.8)": 30.2428783999, "(0.45, 0.8, 1.75)": 30.2447090754, "(0.45, 0.8500000000000001, 1.7000000000000002)": 30.2465420135, "(0.45, 0.9, 1.6500000000000001)": 30.248377213, "(0.45, 0.9500000000000001, 1.6)": 30.250214671, "(0.45, 1.0, 1.55)": 30.2520543948, "(0.5, 0.5, 2.0)": 27.8400443031, "(0.5, 0.55, 1.9500000000000002)": 27.8420158001, "(0.5, 0.6000000000000001, 1.9000000000000001)": 27.8439897411, "(0.5, 0.65, 1.85)": 27.8459661432, "(0.5, 0.7000000000000001, 1.8)": 27.8479449679, "(0.5, 0.75, 1.75)": 27.8499262896, "(0.5, 0.8, 1.7000000000000002)": 27.8519100687, "(0.5, 0.8500000000000001, 1.6500000000000001)": 27.853896306, "(0.5, 0.9, 1.6)": 27.8558850041, "(0.5, 0.9500000000000001, 1.55)": 27.8578761511, "(0.5, 1.0, 1.5)": 27.859869755, "(0.55, 0.45, 2.0)": 25.4562556426, "(0.55, 0.5, 1.9500000000000002)": 25.4583965062, "(0.55, 0.55, 1.9000000000000001)": 25.4605400698, "(0.55, 0.6000000000000001, 1.85)": 25.4626863135, "(0.55, 0.65, 1.8)": 25.4648352078, "(0.55, 0.7000000000000001, 1.75)": 25.4669868262, "(0.55, 0.75, 1.7000000000000002)": 25.4691411303, "(0.55, 0.8, 1.6500000000000001)": 25.4712981225, "(0.55, 0.8500000000000001, 1.6)": 25.4734577946, "(0.55, 0.9, 1.55)": 25.4756201489, "(0.55, 0.9500000000000001, 1.5)": 25.4777851818, "(0.55, 1.0, 1.4500000000000002)": 25.4799528972, "(0.6000000000000001, 0.4, 2.0)": 23.0876599958, "(0.6000000000000001, 0.45, 1.9500000000000002)": 23.0899950682, "(0.6000000000000001, 0.5, 1.9000000000000001)": 23.0923330973, "(0.6000000000000001, 0.55, 1.85)": 23.0946740816, "(0.6000000000000001, 0.6000000000000001, 1.8)": 23.0970179829, "(0.6000000000000001, 0.65, 1.75)": 23.0993648792, "(0.6000000000000001, 0.75, 1.6500000000000001)": 23.1040675117, "(0.6000000000000001, 0.8, 1.6)": 23.1064232514, "(0.6000000000000001, 0.8500000000000001, 1.55)": 23.1087819379, "(0.6000000000000001, 0.9, 1.5)": 23.111143567, "(0.6000000000000001, 1.0, 1.4000000000000001)": 23.1158756444, "(0.65, 0.35000000000000003, 2.0)": 20.7392348774, "(0.65, 0.4, 1.9500000000000002)": 20.741796281, "(0.65, 0.45, 1.9000000000000001)": 20.7443609547, "(0.65, 0.5, 1.85)": 20.7469288967, "(0.65, 0.55, 1.8)": 20.7495000752, "(0.65, 0.6000000000000001, 1.75)": 20.7520745486, "(0.65, 0.65, 1.7000000000000002)": 20.754652285, "(0.65, 0.7000000000000001, 1.6500000000000001)": 20.7572332825, "(0.65, 0.75, 1.6)": 20.7598175394, "(0.65, 0.8, 1.55)": 20.7624051009, "(0.65, 0.8500000000000001, 1.5)": 20.7649958697, "(0.65, 0.9, 1.4500000000000002)": 20.7675898893, "(0.65, 0.9500000000000001, 1.4000000000000001)": 20.7701871472, "(0.65, 1.0, 1.35)": 20.7727876729, "(0.7000000000000001, 0.30000000000000004, 2.0)": 18.418420915, "(0.7000000000000001, 0.35000000000000003, 1.9500000000000002)": 18.4212509852, "(0.7000000000000001, 0.4, 1.9000000000000001)": 18.4240847032, "(0.7000000000000001, 0.45, 1.85)": 18.4269220512, "(0.7000000000000001, 0.5, 1.8)": 18.4297630356, "(0.7000000000000001, 0.55, 1.75)": 18.4326076178, "(0.7000000000000001, 0.65, 1.6500000000000001)": 18.438307748, "(0.7000000000000001, 0.7000000000000001, 1.6)": 18.4411632522, "(0.7000000000000001, 0.75, 1.55)": 18.4440223812, "(0.7000000000000001, 0.8, 1.5)": 18.4468851314, "(0.7000000000000001, 0.9, 1.4000000000000001)": 18.4526214554, "(0.7000000000000001, 0.9500000000000001, 1.35)": 18.4554950441, "(0.7000000000000001, 1.0, 1.3)": 18.4583722585, "(0.75, 0.25, 2.0)": 16.1367973676, "(0.75, 0.30000000000000004, 1.9500000000000002)": 16.1399528495, "(0.75, 0.35000000000000003, 1.9000000000000001)": 16.1431124088, "(0.75, 0.4, 1.85)": 16.1462760425, "(0.75, 0.45, 1.8)": 16.1494437502, "(0.75, 0.5, 1.75)": 16.1526154888, "(0.75, 0.55, 1.7000000000000002)": 16.1557913269, "(0.75, 0.6000000000000001, 1.6500000000000001)": 16.1589712269, "(0.75, 0.65, 1.6)": 16.1621551853, "(0.75, 0.7000000000000001, 1.55)": 16.1653431993, "(0.75, 0.75, 1.5)": 16.1685352458, "(0.75, 0.8, 1.4500000000000002)": 16.1717313545, "(0.75, 0.8500000000000001, 1.4000000000000001)": 16.1749315098, "(0.75, 0.9, 1.35)": 16.1781357143, "(0.75, 0.9500000000000001, 1.3)": 16.1813439585, "(0.75, 1.0, 1.25)": 16.1845562441, "(0.8, 0.2, 2.0)": 13.9132386408, "(0.8, 0.25, 1.9500000000000002)": 13.9167963691, "(0.8, 0.30000000000000004, 1.9000000000000001)": 13.9203586789, "(0.8, 0.35000000000000003, 1.85)": 13.9239255746, "(0.8, 0.4, 1.8)": 13.9274970475, "(0.8, 0.45, 1.75)": 13.9310730595, "(0.8, 0.5, 1.7000000000000002)": 13.9346536737, "(0.8, 0.55, 1.6500000000000001)": 13.9382388518, "(0.8, 0.6000000000000001, 1.6)": 13.9418285896, "(0.8, 0.65, 1.55)": 13.9454228588, "(0.8, 0.7000000000000001, 1.5)": 13.9490217054, "(0.8, 0.75, 1.4500000000000002)": 13.9526250957, "(0.8, 0.8, 1.4000000000000001)": 13.9562330281, "(0.8, 0.8500000000000001, 1.35)": 13.9598454926, "(0.8, 0.9, 1.3)": 13.9634624959, "(0.8, 0.9500000000000001, 1.25)": 13.967084028, "(0.8, 1.0, 1.2000000000000002)": 13.97071013, "(0.8500000000000001, 0.15000000000000002, 2.0)": 11.7801413063, "(0.8500000000000001, 0.2, 1.9500000000000002)": 11.784204439, "(0.8500000000000001, 0.25, 1.9000000000000001)": 11.7882725207, "(0.8500000000000001, 0.30000000000000004, 1.85)": 11.7923457469,