{"29": {"{'row-1': [4.548601493, 0.0, 0.0], 'row-2': [0.0, 4.548601493, 0.0], 'row-3': [0.0, 0.0, 4.548601493]}": {"['(4s1/2)', '(3d3/2)', '(3d5/2)']": {"(0.5, 2.0, 3.0)": 34.9840622839, "(0.55, 1.9500000000000002, 3.0)": 30.4451431225, "(0.55, 2.0, 2.95)": 30.5122678127, "(0.6000000000000001, 1.9000000000000001, 3.0)": 25.5277860535, "(0.6000000000000001, 1.9500000000000002, 2.95)": 25.5921070552, "(0.6000000000000001, 2.0, 2.9000000000000004)": 25.6559450792, "(0.65, 1.85, 3.0)": 21.1376035052, "(0.65, 1.9000000000000001, 2.95)": 21.1968363221, "(0.65, 1.9500000000000002, 2.9000000000000004)": 21.2561434741, "(0.65, 2.0, 2.85)": 21.3154691023, "(0.7000000000000001, 1.8, 3.0)": 16.8323681184, "(0.7000000000000001, 1.85, 2.95)": 16.890679473, "(0.7000000000000001, 1.9000000000000001, 2.9000000000000004)": 16.9490405056, "(0.7000000000000001, 1.9500000000000002, 2.85)": 17.0074635365, "(0.7000000000000001, 2.0, 2.8000000000000003)": 17.0659192179, "(0.75, 1.75, 3.0)": 12.5676441218, "(0.75, 1.8, 2.95)": 12.6225142721, "(0.75, 1.85, 2.9000000000000004)": 12.6788571952, "(0.75, 1.9000000000000001, 2.85)": 12.7352989514, "(0.75, 1.9500000000000002, 2.8000000000000003)": 12.7918253773, "(0.75, 2.0, 2.75)": 12.8484356015, "(0.8, 1.7000000000000002, 3.0)": 8.6202741378, "(0.8, 1.75, 2.95)": 8.6705934765, "(0.8, 1.8, 2.9000000000000004)": 8.7207057193, "(0.8, 1.85, 2.85)": 8.7710586148, "(0.8, 1.9000000000000001, 2.8000000000000003)": 8.8216093606, "(0.8, 1.9500000000000002, 2.75)": 8.8723532693, "(0.8, 2.0, 2.7)": 8.9232867573, "(0.8500000000000001, 1.6500000000000001, 3.0)": 6.0031809588, "(0.8500000000000001, 1.7000000000000002, 2.95)": 6.0281378124, "(0.8500000000000001, 1.75, 2.9000000000000004)": 6.0536640405, "(0.8500000000000001, 1.8, 2.85)": 6.0797535466, "(0.8500000000000001, 1.85, 2.8000000000000003)": 6.1063977494, "(0.8500000000000001, 1.9000000000000001, 2.75)": 6.1335904108, "(0.8500000000000001, 1.9500000000000002, 2.7)": 6.1613245246, "(0.8500000000000001, 2.0, 2.6500000000000004)": 6.1895930764, "(0.9, 1.6, 3.0)": 6.7949787663, "(0.9, 1.6500000000000001, 2.95)": 6.7758441983, "(0.9, 1.7000000000000002, 2.9000000000000004)": 6.7572596179, "(0.9, 1.75, 2.85)": 6.7392161007, "(0.9, 1.8, 2.8000000000000003)": 6.7217302073, "(0.9, 1.85, 2.75)": 6.7047671601, "(0.9, 1.9000000000000001, 2.7)": 6.6883589159, "(0.9, 1.9500000000000002, 2.6500000000000004)": 6.6724709071, "(0.9, 2.0, 2.6)": 6.657141323, "(0.9500000000000001, 1.55, 3.0)": 10.3559293846, "(0.9500000000000001, 1.6, 2.95)": 10.3165596418, "(0.9500000000000001, 1.6500000000000001, 2.9000000000000004)": 10.2774119164, "(0.9500000000000001, 1.7000000000000002, 2.85)": 10.2384960986, "(0.9500000000000001, 1.75, 2.8000000000000003)": 10.1998000568, "(0.9500000000000001, 1.8, 2.75)": 10.1613341885, "(0.9500000000000001, 1.85, 2.7)": 10.1231006102, "(0.9500000000000001, 1.9000000000000001, 2.6500000000000004)": 10.0851029572, "(0.9500000000000001, 1.9500000000000002, 2.6)": 10.0473418083, "(0.9500000000000001, 2.0, 2.5500000000000003)": 10.009823377, "(1.0, 1.5, 3.0)": 14.8743252057, "(1.0, 1.55, 2.95)": 14.8285273986, "(1.0, 1.6, 2.9000000000000004)": 14.7828873574, "(1.0, 1.6500000000000001, 2.85)": 14.7373383753, "(1.0, 1.7000000000000002, 2.8000000000000003)": 14.6919079378, "(1.0, 1.75, 2.75)": 14.6465854799, "(1.0, 1.8, 2.7)": 14.6013753725, "(1.0, 1.85, 2.6500000000000004)": 14.5562482545, "(1.0, 1.9000000000000001, 2.6)": 14.5112618901, "(1.0, 1.9500000000000002, 2.5500000000000003)": 14.4663965518, "(1.0, 2.0, 2.5)": 14.4216492494}}}}