{"(0.0, 1.0, 2.0)": 45.1801215288, "(0.05, 0.9500000000000001, 2.0)": 42.7404520372, "(0.05, 1.0, 1.9500000000000002)": 42.7414580166, "(0.1, 0.9, 2.0)": 40.3031509505, "(0.1, 0.9500000000000001, 1.9500000000000002)": 40.3042357131, "(0.1, 1.0, 1.9000000000000001)": 40.305321928, "(0.15000000000000002, 0.8500000000000001, 2.0)": 37.8685638701, "(0.15000000000000002, 0.9, 1.9500000000000002)": 37.8697321154, "(0.15000000000000002, 0.9500000000000001, 1.9000000000000001)": 37.8709018974, "(0.15000000000000002, 1.0, 1.85)": 37.8720731784, "(0.2, 0.8, 2.0)": 35.4371097855, "(0.2, 0.8500000000000001, 1.9500000000000002)": 35.4383669236, "(0.2, 0.9, 1.9000000000000001)": 35.4396256145, "(0.2, 0.9500000000000001, 1.85)": 35.440885935, "(0.2, 1.0, 1.8)": 35.4421478639, "(0.25, 0.75, 2.0)": 33.009302751199996, "(0.25, 0.8, 1.9500000000000002)": 33.0106549876, "(0.25, 0.8500000000000001, 1.9000000000000001)": 33.0120088846, "(0.25, 0.9, 1.85)": 33.0133645361, "(0.25, 0.9500000000000001, 1.8)": 33.0147218589, "(0.25, 1.0, 1.75)": 33.016080877, "(0.30000000000000004, 0.7000000000000001, 2.0)": 30.585782032799997, "(0.30000000000000004, 0.75, 1.9500000000000002)": 30.5872367068, "(0.30000000000000004, 0.8, 1.9000000000000001)": 30.5886931549, "(0.30000000000000004, 0.8500000000000001, 1.85)": 30.5901514682, "(0.30000000000000004, 0.9, 1.8)": 30.5916115785, "(0.30000000000000004, 0.9500000000000001, 1.75)": 30.593073455400003, "(0.30000000000000004, 1.0, 1.7000000000000002)": 30.5945372157, "(0.35000000000000003, 0.65, 2.0)": 28.1673544844, "(0.35000000000000003, 0.7000000000000001, 1.9500000000000002)": 28.168920277799998, "(0.35000000000000003, 0.75, 1.9000000000000001)": 28.170488048899998, "(0.35000000000000003, 0.8, 1.85)": 28.172057705100002, "(0.35000000000000003, 0.8500000000000001, 1.8)": 28.173629344, "(0.35000000000000003, 0.9, 1.75)": 28.175202925599997, "(0.35000000000000003, 0.9500000000000001, 1.7000000000000002)": 28.1767784496, "(0.35000000000000003, 1.0, 1.6500000000000001)": 28.1783559378, "(0.4, 0.6000000000000001, 2.0)": 25.755055301600002, "(0.4, 0.65, 1.9500000000000002)": 25.756742676000002, "(0.4, 0.7000000000000001, 1.9000000000000001)": 25.7584321621, "(0.4, 0.75, 1.85)": 25.760123686100002, "(0.4, 0.8, 1.8)": 25.761817340500002, "(0.4, 0.8500000000000001, 1.75)": 25.763513090399996, "(0.4, 0.9, 1.7000000000000002)": 25.7652109291, "(0.4, 0.9500000000000001, 1.6500000000000001)": 25.766910859, "(0.4, 1.0, 1.6)": 25.768612877400003, "(0.45, 0.55, 2.0)": 23.350236927, "(0.45, 0.6000000000000001, 1.9500000000000002)": 23.3520585658, "(0.45, 0.65, 1.9000000000000001)": 23.3538824493, "(0.45, 0.7000000000000001, 1.85)": 23.3557085602, "(0.45, 0.75, 1.8)": 23.3575369733, "(0.45, 0.8, 1.75)": 23.3593676488, "(0.45, 0.8500000000000001, 1.7000000000000002)": 23.3612005869, "(0.45, 0.9, 1.6500000000000001)": 23.3630357864, "(0.45, 0.9500000000000001, 1.6)": 23.3648732444, "(0.45, 1.0, 1.55)": 23.366712968199998, "(0.5, 0.5, 2.0)": 20.9547028765, "(0.5, 0.55, 1.9500000000000002)": 20.9566743735, "(0.5, 0.6000000000000001, 1.9000000000000001)": 20.9586483145, "(0.5, 0.65, 1.85)": 20.960624716599998, "(0.5, 0.7000000000000001, 1.8)": 20.9626035413, "(0.5, 0.75, 1.75)": 20.964584863, "(0.5, 0.8, 1.7000000000000002)": 20.9665686421, "(0.5, 0.8500000000000001, 1.6500000000000001)": 20.9685548794, "(0.5, 0.9, 1.6)": 20.9705435775, "(0.5, 0.9500000000000001, 1.55)": 20.9725347245, "(0.5, 1.0, 1.5)": 20.974528328399998, "(0.55, 0.45, 2.0)": 18.570914216, "(0.55, 0.5, 1.9500000000000002)": 18.5730550796, "(0.55, 0.55, 1.9000000000000001)": 18.5751986432, "(0.55, 0.6000000000000001, 1.85)": 18.5773448869, "(0.55, 0.65, 1.8)": 18.5794937812, "(0.55, 0.7000000000000001, 1.75)": 18.5816453996, "(0.55, 0.75, 1.7000000000000002)": 18.5837997037, "(0.55, 0.8, 1.6500000000000001)": 18.5859566959, "(0.55, 0.8500000000000001, 1.6)": 18.588116368, "(0.55, 0.9, 1.55)": 18.5902787223, "(0.55, 0.9500000000000001, 1.5)": 18.5924437552, "(0.55, 1.0, 1.4500000000000002)": 18.5946114706, "(0.6000000000000001, 0.4, 2.0)": 16.2023185692, "(0.6000000000000001, 0.45, 1.9500000000000002)": 16.2046536416, "(0.6000000000000001, 0.5, 1.9000000000000001)": 16.2069916707, "(0.6000000000000001, 0.55, 1.85)": 16.209332655, "(0.6000000000000001, 0.6000000000000001, 1.8)": 16.2116765563, "(0.6000000000000001, 0.65, 1.75)": 16.2140234526, "(0.6000000000000001, 0.75, 1.6500000000000001)": 16.2187260851, "(0.6000000000000001, 0.8, 1.6)": 16.2210818248, "(0.6000000000000001, 0.8500000000000001, 1.55)": 16.2234405113, "(0.6000000000000001, 0.9, 1.5)": 16.2258021404, "(0.6000000000000001, 1.0, 1.4000000000000001)": 16.2305342178, "(0.65, 0.35000000000000003, 2.0)": 13.853893450800001, "(0.65, 0.4, 1.9500000000000002)": 13.856454854399999, "(0.65, 0.45, 1.9000000000000001)": 13.8590195281, "(0.65, 0.5, 1.85)": 13.861587470099998, "(0.65, 0.55, 1.8)": 13.8641586486, "(0.65, 0.6000000000000001, 1.75)": 13.866733122, "(0.65, 0.65, 1.7000000000000002)": 13.869310858399999, "(0.65, 0.7000000000000001, 1.6500000000000001)": 13.8718918559, "(0.65, 0.75, 1.6)": 13.8744761128, "(0.65, 0.8, 1.55)": 13.8770636743, "(0.65, 0.8500000000000001, 1.5)": 13.879654443100002, "(0.65, 0.9, 1.4500000000000002)": 13.882248462700002, "(0.65, 0.9500000000000001, 1.4000000000000001)": 13.884845720600001, "(0.65, 1.0, 1.35)": 13.887446246300001, "(0.7000000000000001, 0.30000000000000004, 2.0)": 11.533079488399999, "(0.7000000000000001, 0.35000000000000003, 1.9500000000000002)": 11.5359095586, "(0.7000000000000001, 0.4, 1.9000000000000001)": 11.538743276599998, "(0.7000000000000001, 0.45, 1.85)": 11.541580624599998, "(0.7000000000000001, 0.5, 1.8)": 11.544421609, "(0.7000000000000001, 0.55, 1.75)": 11.547266191199999, "(0.7000000000000001, 0.65, 1.6500000000000001)": 11.5529663214, "(0.7000000000000001, 0.7000000000000001, 1.6)": 11.555821825599999, "(0.7000000000000001, 0.75, 1.55)": 11.5586809546, "(0.7000000000000001, 0.8, 1.5)": 11.561543704799998, "(0.7000000000000001, 0.9, 1.4000000000000001)": 11.567280028799999, "(0.7000000000000001, 0.9500000000000001, 1.35)": 11.5701536175, "(0.7000000000000001, 1.0, 1.3)": 11.573030831899999, "(0.75, 0.25, 2.0)": 9.251455941, "(0.75, 0.30000000000000004, 1.9500000000000002)": 9.254611422899998, "(0.75, 0.35000000000000003, 1.9000000000000001)": 9.2577709822, "(0.75, 0.4, 1.85)": 9.260934615899998, "(0.75, 0.45, 1.8)": 9.2641023236, "(0.75, 0.5, 1.75)": 9.267274062199998, "(0.75, 0.55, 1.7000000000000002)": 9.270449900300001, "(0.75, 0.6000000000000001, 1.6500000000000001)": 9.2736298003, "(0.75, 0.65, 1.6)": 9.276813758700001, "(0.75, 0.7000000000000001, 1.55)": 9.2800017727, "(0.75, 0.75, 1.5)": 9.283193819200001, "(0.75, 0.8, 1.4500000000000002)": 9.2863899279, "(0.75, 0.8500000000000001, 1.4000000000000001)": 9.2895900832, "(0.75, 0.9, 1.35)": 9.292794287700001, "(0.75, 0.9500000000000001, 1.3)": 9.296002531900001, "(0.75, 1.0, 1.25)": 9.299214817500001, "(0.8, 0.2, 2.0)": 7.027897214199999, "(0.8, 0.25, 1.9500000000000002)": 7.0314549425, "(0.8, 0.30000000000000004, 1.9000000000000001)": 7.035017252299999, "(0.8, 0.35000000000000003, 1.85)": 7.038584148, "(0.8, 0.4, 1.8)": 7.042155620899999, "(0.8, 0.45, 1.75)": 7.045731632899999, "(0.8, 0.5, 1.7000000000000002)": 7.0493122471, "(0.8, 0.55, 1.6500000000000001)": 7.052897425199999, "(0.8, 0.6000000000000001, 1.6)": 7.056487163, "(0.8, 0.65, 1.55)": 7.0600814322000005, "(0.8, 0.7000000000000001, 1.5)": 7.0636802788, "(0.8, 0.75, 1.4500000000000002)": 7.0672836691, "(0.8, 0.8, 1.4000000000000001)": 7.0708916015, "(0.8, 0.8500000000000001, 1.35)": 7.074504065999999, "(0.8, 0.9, 1.3)": 7.0781210693, "(0.8, 0.9500000000000001, 1.25)": 7.0817426014, "(0.8, 1.0, 1.2000000000000002)": 7.0853687034, "(0.8500000000000001, 0.15000000000000002, 2.0)": 4.894799879699999, "(0.8500000000000001, 0.2, 1.9500000000000002)": 4.8988630124, "(0.8500000000000001, 0.25, 1.9000000000000001)": 4.9029310940999995,