{"67": {"{'row-1': [0.0, 5.558385916, 5.558385916], 'row-2': [5.558385916, 0.0, 5.558385916], 'row-3': [5.558385916, 5.558385916, 0.0]}": {"['(6s1/2)', '(4f5/2)', '(4f7/2)']": {"(0.0, 2.5, 4.0)": [192.237164157, 192.237164157], "(0.0, 2.6, 3.9000000000000004)": [44.9025863637, 44.9025863637], "(0.0, 2.7, 3.8000000000000003)": [148.7169472867, 148.7169472867], "(0.0, 2.8000000000000003, 3.7)": [189.8717399184, 189.8717399184], "(0.0, 2.9000000000000004, 3.6)": [115.3063917848, 115.3063917848], "(0.0, 3.0, 3.5)": [176.0620932237, 176.0620932237], "(0.1, 2.4000000000000004, 4.0)": [225.3496882652, 225.3496882652], "(0.1, 2.5, 3.9000000000000004)": [225.4076920985, 225.4076920985], "(0.1, 2.6, 3.8000000000000003)": [225.4580802805, 225.4580802805], "(0.1, 2.7, 3.7)": [225.5098788978, 225.5098788978], "(0.1, 2.8000000000000003, 3.6)": [225.5575653269, 225.5575653269], "(0.1, 2.9000000000000004, 3.5)": [225.6211421846, 225.6211421846], "(0.1, 3.0, 3.4000000000000004)": [225.6922080278, 225.6922080278], "(0.2, 2.3000000000000003, 4.0)": [224.8235701353, 224.8235701353], "(0.2, 2.5, 3.8000000000000003)": [224.8870933622, 224.8870933622], "(0.2, 2.6, 3.7)": [224.919022678, 224.919022678], "(0.2, 2.7, 3.6)": [224.9462504819, 224.9462504819], "(0.2, 2.8000000000000003, 3.5)": [224.9750223213, 224.9750223213], "(0.2, 3.0, 3.3000000000000003)": [225.0271553402, 225.0271553402], "(0.30000000000000004, 2.2, 4.0)": [205.7436639554, 205.7436639554], "(0.30000000000000004, 2.4000000000000004, 3.8000000000000003)": [205.8074295789, 205.8074295789], "(0.30000000000000004, 2.5, 3.7)": [205.8423931657, 205.8423931657], "(0.30000000000000004, 2.6, 3.6)": [205.8659890897, 205.8659890897], "(0.30000000000000004, 2.7, 3.5)": [205.8949515905, 205.8949515905], "(0.30000000000000004, 2.9000000000000004, 3.3000000000000003)": [205.944649114, 205.944649114], "(0.30000000000000004, 3.0, 3.2)": [205.9624559433, 205.9624559433], "(0.4, 2.1, 4.0)": [183.2933136041, 183.2933136041], "(0.4, 2.2, 3.9000000000000004)": [183.3620445005, 183.3620445005], "(0.4, 2.3000000000000003, 3.8000000000000003)": [183.4324599318, 183.4324599318], "(0.4, 2.4000000000000004, 3.7)": [183.4974388955, 183.4974388955], "(0.4, 2.5, 3.6)": [183.5687273454, 183.5687273454], "(0.4, 2.6, 3.5)": [183.6282417275, 183.6282417275], "(0.4, 2.7, 3.4000000000000004)": [183.7064789197, 183.7064789197], "(0.4, 2.8000000000000003, 3.3000000000000003)": [183.763091163, 183.763091163], "(0.4, 2.9000000000000004, 3.2)": [183.833029798, 183.833029798], "(0.4, 3.0, 3.1)": [183.9005040257, 183.9005040257], "(0.5, 2.0, 4.0)": [180.9237903306, 180.9237903306], "(0.5, 2.1, 3.9000000000000004)": [181.0947983739, 181.0947983739], "(0.5, 2.2, 3.8000000000000003)": [181.2742908006, 181.2742908006], "(0.5, 2.3000000000000003, 3.7)": [181.4351233526, 181.4351233526], "(0.5, 2.4000000000000004, 3.6)": [181.5847963528, 181.5847963528], "(0.5, 2.5, 3.5)": [181.7252406305, 181.7252406305], "(0.5, 2.6, 3.4000000000000004)": [181.9066113404, 181.9066113404], "(0.5, 2.7, 3.3000000000000003)": [182.0499197621, 182.0499197621], "(0.5, 2.8000000000000003, 3.2)": [182.1646622684, 182.1646622684], "(0.5, 2.9000000000000004, 3.1)": [182.3256337277, 182.3256337277], "(0.5, 3.0, 3.0)": [182.4470142267, 182.4470142267], "(0.6000000000000001, 1.9000000000000001, 4.0)": [169.6027341449, 169.6027341449], "(0.6000000000000001, 2.0, 3.9000000000000004)": [169.9102418619, 169.9102418619], "(0.6000000000000001, 2.1, 3.8000000000000003)": [170.1890675516, 170.1890675516], "(0.6000000000000001, 2.2, 3.7)": [170.5182744544, 170.5182744544], "(0.6000000000000001, 2.3000000000000003, 3.6)": [170.8864410323, 170.8864410323], "(0.6000000000000001, 2.4000000000000004, 3.5)": [171.1917143686, 171.1917143686], "(0.6000000000000001, 2.5, 3.4000000000000004)": [171.5346741369, 171.5346741369], "(0.6000000000000001, 2.6, 3.3000000000000003)": [171.8313479435, 171.8313479435], "(0.6000000000000001, 2.7, 3.2)": [172.199874441, 172.199874441], "(0.6000000000000001, 2.8000000000000003, 3.1)": [172.5152125837, 172.5152125837], "(0.6000000000000001, 2.9000000000000004, 3.0)": [172.8123290229, 172.8123290229], "(0.6000000000000001, 3.0, 2.9000000000000004)": [173.1322164124, 173.1322164124], "(0.7000000000000001, 1.8, 4.0)": [161.8028305358, 161.8028305358], "(0.7000000000000001, 1.9000000000000001, 3.9000000000000004)": [161.9896160206, 161.9896160206], "(0.7000000000000001, 2.0, 3.8000000000000003)": [162.1983478584, 162.1983478584], "(0.7000000000000001, 2.1, 3.7)": [162.4006551423, 162.4006551423], "(0.7000000000000001, 2.2, 3.6)": [162.6170078908, 162.6170078908], "(0.7000000000000001, 2.3000000000000003, 3.5)": [162.8082961162, 162.8082961162], "(0.7000000000000001, 2.5, 3.3000000000000003)": [163.2468292908, 163.2468292908], "(0.7000000000000001, 2.6, 3.2)": [163.4500648298, 163.4500648298], "(0.7000000000000001, 2.7, 3.1)": [163.6444669018, 163.6444669018], "(0.7000000000000001, 2.8000000000000003, 3.0)": [163.8717377783, 163.8717377783], "(0.7000000000000001, 3.0, 2.8000000000000003)": [164.2936523821, 164.2936523821], "(0.8, 1.7000000000000002, 4.0)": [154.0919764725, 154.0919764725], "(0.8, 1.8, 3.9000000000000004)": [154.3097479063, 154.3097479063], "(0.8, 1.9000000000000001, 3.8000000000000003)": [154.5275086057, 154.5275086057], "(0.8, 2.0, 3.7)": [154.8055075541, 154.8055075541], "(0.8, 2.1, 3.6)": [155.0414119854, 155.0414119854], "(0.8, 2.2, 3.5)": [155.1967812198, 155.1967812198], "(0.8, 2.4000000000000004, 3.3000000000000003)": [155.6684184453, 155.6684184453], "(0.8, 2.5, 3.2)": [155.8514678218, 155.8514678218], "(0.8, 2.6, 3.1)": [156.067158803, 156.067158803], "(0.8, 2.7, 3.0)": [156.2887286386, 156.2887286386], "(0.8, 2.9000000000000004, 2.8000000000000003)": [156.7196123031, 156.7196123031], "(0.8, 3.0, 2.7)": [156.940659352, 156.940659352], "(0.9, 1.6, 4.0)": [143.7316642478, 143.7316642478], "(0.9, 1.7000000000000002, 3.9000000000000004)": [143.9657704972, 143.9657704972], "(0.9, 1.8, 3.8000000000000003)": [144.1970944637, 144.1970944637], "(0.9, 1.9000000000000001, 3.7)": [144.4442939819, 144.4442939819], "(0.9, 2.0, 3.6)": [144.6721466803, 144.6721466803], "(0.9, 2.1, 3.5)": [144.9188748122, 144.9188748122], "(0.9, 2.2, 3.4000000000000004)": [145.1602912852, 145.1602912852], "(0.9, 2.3000000000000003, 3.3000000000000003)": [145.4094136969, 145.4094136969], "(0.9, 2.4000000000000004, 3.2)": [145.6554607207, 145.6554607207], "(0.9, 2.5, 3.1)": [145.9100577441, 145.9100577441], "(0.9, 2.6, 3.0)": [146.1595625039, 146.1595625039], "(0.9, 2.7, 2.9000000000000004)": [146.4169165424, 146.4169165424], "(0.9, 2.8000000000000003, 2.8000000000000003)": [146.6734769324, 146.6734769324], "(0.9, 2.9000000000000004, 2.7)": [146.9292440767, 146.9292440767], "(0.9, 3.0, 2.6)": [147.193773986, 147.193773986], "(1.0, 1.5, 4.0)": [133.0647624958, 133.0647624958], "(1.0, 1.6, 3.9000000000000004)": [133.2856771236, 133.2856771236], "(1.0, 1.7000000000000002, 3.8000000000000003)": [133.5130829227, 133.5130829227], "(1.0, 1.8, 3.7)": [133.7420257681, 133.7420257681], "(1.0, 1.9000000000000001, 3.6)": [133.9603594977, 133.9603594977], "(1.0, 2.0, 3.5)": [134.1818317745, 134.1818317745], "(1.0, 2.1, 3.4000000000000004)": [134.3993668306, 134.3993668306], "(1.0, 2.2, 3.3000000000000003)": [134.6213338153, 134.6213338153], "(1.0, 2.3000000000000003, 3.2)": [134.8422245577, 134.8422245577], "(1.0, 2.4000000000000004, 3.1)": [135.0612253465, 135.0612253465], "(1.0, 2.5, 3.0)": [135.2831116742, 135.2831116742], "(1.0, 2.6, 2.9000000000000004)": [135.5006138588, 135.5006138588], "(1.0, 2.7, 2.8000000000000003)": [135.7309206227, 135.7309206227], "(1.0, 2.8000000000000003, 2.7)": [135.9477536345, 135.9477536345], "(1.0, 2.9000000000000004, 2.6)": [136.1678916759, 136.1678916759], "(1.0, 3.0, 2.5)": [136.3870176007, 136.3870176007]}}}}