{"(0.0, 0.0, 0.0, 0.5, 3.0)": -20.174663333199994, "(0.0, 0.0, 0.0, 1.0, 2.5)": -20.609250207699993, "(0.0, 0.0, 0.0, 1.5, 2.0)": -21.032323764599994, "(0.0, 0.0, 0.0, 2.0, 1.5)": -21.443754234399997, "(0.0, 0.0, 0.5, 0.0, 3.0)": -25.862872292499993, "(0.0, 0.0, 0.5, 0.5, 2.5)": -26.374169421199994, "(0.0, 0.0, 0.5, 1.0, 2.0)": -26.872512379299998, "(0.0, 0.0, 0.5, 1.5, 1.5)": -27.357340156699998, "(0.0, 0.0, 0.5, 2.0, 1.0)": -27.82849539069999, "(0.0, 0.0, 1.0, 0.0, 2.5)": -23.590257568099993, "(0.0, 0.0, 1.0, 0.5, 2.0)": -23.952122511499994, "(0.0, 0.0, 1.0, 1.0, 1.5)": -24.305604795199997, "(0.0, 0.0, 1.0, 1.5, 1.0)": -24.650387479799996, "(0.0, 0.0, 1.0, 2.0, 0.5)": -24.985937068899993, "(0.0, 0.0, 1.5, 0.0, 2.0)": -12.885379368099997, "(0.0, 0.0, 1.5, 0.5, 1.5)": -13.195882627099998, "(0.0, 0.0, 1.5, 1.0, 1.0)": -13.500284725299991, "(0.0, 0.0, 1.5, 1.5, 0.5)": -13.799218151799998, "(0.0, 0.0, 1.5, 2.0, 0.0)": -14.092422645999996, "(0.0, 0.0, 2.0, 0.0, 1.5)": -4.197673695899994, "(0.0, 0.0, 2.0, 0.5, 1.0)": -4.5801885313999975, "(0.0, 0.0, 2.0, 1.0, 0.5)": -4.972154811799996, "(0.0, 0.0, 2.0, 1.5, 0.0)": -4.329876013599993, "(0.0, 0.0, 2.5, 0.0, 1.0)": 3.222572678000006, "(0.0, 0.0, 2.5, 0.5, 0.5)": 3.0925219028000015, "(0.0, 0.0, 2.5, 1.0, 0.0)": 2.732326632100012, "(0.0, 0.0, 3.0, 0.0, 0.5)": 8.462054898900007, "(0.0, 0.0, 3.0, 0.5, 0.0)": 8.048457781100012, "(0.0, 0.0, 3.5, 0.0, 0.0)": 11.952906418400005, "(0.0, 0.5, 0.0, 0.0, 3.0)": -25.768931338799995, "(0.0, 0.5, 0.0, 0.5, 2.5)": -26.280321502499994, "(0.0, 0.5, 0.0, 1.0, 2.0)": -26.778786524499992, "(0.0, 0.5, 0.0, 1.5, 1.5)": -27.263861183699994, "(0.0, 0.5, 0.0, 2.0, 1.0)": -27.735222742199994, "(0.0, 0.5, 0.5, 0.0, 2.5)": -23.028056767499997, "(0.0, 0.5, 0.5, 0.5, 2.0)": -23.3879362183, "(0.0, 0.5, 0.5, 1.0, 1.5)": -23.738257716899994, "(0.0, 0.5, 0.5, 1.5, 1.0)": -24.078600203799994, "(0.0, 0.5, 0.5, 2.0, 0.5)": -24.409048469699997, "(0.0, 0.5, 1.0, 0.0, 2.0)": -12.277313429599992, "(0.0, 0.5, 1.0, 0.5, 1.5)": -12.584219979799997, "(0.0, 0.5, 1.0, 1.0, 1.0)": -12.885191940299997, "(0.0, 0.5, 1.0, 1.5, 0.5)": -13.180381399299996, "(0.0, 0.5, 1.0, 2.0, 0.0)": -13.470216162999996, "(0.0, 0.5, 1.5, 0.0, 1.5)": -3.575983578299997, "(0.0, 0.5, 1.5, 0.5, 1.0)": -3.9519669072999974, "(0.0, 0.5, 1.5, 1.0, 0.5)": -4.092411852599994, "(0.0, 0.5, 1.5, 1.5, 0.0)": -3.7217921828999962, "(0.0, 0.5, 2.0, 0.0, 1.0)": 3.819247979300002, "(0.0, 0.5, 2.0, 0.5, 0.5)": 3.6866620365000102, "(0.0, 0.5, 2.0, 1.0, 0.0)": 3.3286728289999985, "(0.0, 0.5, 2.5, 0.0, 0.5)": 9.011748990300006, "(0.0, 0.5, 2.5, 0.5, 0.0)": 8.599496990600002, "(0.0, 0.5, 3.0, 0.0, 0.0)": 12.45045118210001, "(0.0, 1.0, 0.0, 0.0, 2.5)": -22.453537527299993, "(0.0, 1.0, 0.0, 0.5, 2.0)": -22.808044037499997, "(0.0, 1.0, 0.0, 1.0, 1.5)": -23.152030855999996, "(0.0, 1.0, 0.0, 1.5, 1.0)": -23.485329191999995, "(0.0, 1.0, 0.0, 2.0, 0.5)": -23.808366020899996, "(0.0, 1.0, 0.5, 0.0, 2.0)": -11.659484233799994, "(0.0, 1.0, 0.5, 0.5, 1.5)": -11.962700985399998, "(0.0, 1.0, 0.5, 1.0, 1.0)": -12.259962590799994, "(0.0, 1.0, 0.5, 1.5, 0.5)": -12.551574841999994, "(0.0, 1.0, 0.5, 2.0, 0.0)": -12.837666178799992, "(0.0, 1.0, 1.0, 0.0, 1.5)": -3.0106216919999937, "(0.0, 1.0, 1.0, 0.5, 1.0)": -3.470171943799997, "(0.0, 1.0, 1.0, 1.0, 0.5)": -3.3198280056999963, "(0.0, 1.0, 1.0, 1.5, 0.0)": -3.103611177599994, "(0.0, 1.0, 1.5, 0.0, 1.0)": 4.272496637500012, "(0.0, 1.0, 1.5, 0.5, 0.5)": 4.288860621000012, "(0.0, 1.0, 1.5, 1.0, 0.0)": 3.933775436700003, "(0.0, 1.0, 2.0, 0.0, 0.5)": 9.566019387800011, "(0.0, 1.0, 2.0, 0.5, 0.0)": 9.155257298900011, "(0.0, 1.0, 2.5, 0.0, 0.0)": 12.947847417200009, "(0.0, 1.5, 0.0, 0.0, 2.0)": -11.032310809599991, "(0.0, 1.5, 0.0, 0.5, 1.5)": -11.331456488199997, "(0.0, 1.5, 0.0, 1.0, 1.0)": -11.624994251599993, "(0.0, 1.5, 0.0, 1.5, 0.5)": -11.912934783299995, "(0.0, 1.5, 0.0, 2.0, 0.0)": -12.195295456099991, "(0.0, 1.5, 0.5, 0.0, 1.5)": -2.367908890099997, "(0.0, 1.5, 0.5, 0.5, 1.0)": -2.814174458999993, "(0.0, 1.5, 0.5, 1.0, 0.5)": -3.099831893299992, "(0.0, 1.5, 0.5, 1.5, 0.0)": -2.4756989210999976, "(0.0, 1.5, 1.0, 0.0, 1.0)": 5.036956773400007, "(0.0, 1.5, 1.0, 0.5, 0.5)": 4.683547408300001, "(0.0, 1.5, 1.0, 1.0, 0.0)": 4.546472359800006, "(0.0, 1.5, 1.5, 0.0, 0.5)": 10.123662435400007, "(0.0, 1.5, 1.5, 0.5, 0.0)": 9.715710362100012, "(0.0, 1.5, 2.0, 0.0, 0.0)": 13.443018839499999, "(0.0, 2.0, 0.0, 0.0, 1.5)": -1.7165590059999971, "(0.0, 2.0, 0.0, 0.5, 1.0)": -2.1494891574999926, "(0.0, 2.0, 0.0, 1.0, 0.5)": -2.3079313687999914, "(0.0, 2.0, 0.0, 1.5, 0.0)": -1.8377825187999974, "(0.0, 2.0, 0.5, 0.0, 1.0)": 5.6576864046, "(0.0, 2.0, 0.5, 0.5, 0.5)": 4.847026961099999, "(0.0, 2.0, 0.5, 1.0, 0.0)": 5.167376237799999, "(0.0, 2.0, 1.0, 0.0, 0.5)": 10.686010651200007, "(0.0, 2.0, 1.0, 0.5, 0.0)": 10.277521311800001, "(0.0, 2.0, 1.5, 0.0, 0.0)": 13.93654720890001, "(0.0, 2.5, 0.0, 0.0, 1.0)": 6.285939310300009, "(0.0, 2.5, 0.0, 0.5, 0.5)": 6.1443136237000004, "(0.0, 2.5, 0.0, 1.0, 0.0)": 5.796467597000003, "(0.0, 2.5, 0.5, 0.0, 0.5)": 11.249297596399998, "(0.0, 2.5, 0.5, 0.5, 0.0)": 10.843804250000005, "(0.0, 2.5, 1.0, 0.0, 0.0)": 14.42504972990001, "(0.0, 3.0, 0.0, 0.0, 0.5)": 11.816304715900003, "(0.0, 3.0, 0.0, 0.5, 0.0)": 11.411568192900006, "(0.0, 3.0, 0.5, 0.0, 0.0)": 14.6971793524, "(0.5, 0.0, 0.0, 0.0, 3.0)": -18.527825840499993, "(0.5, 0.0, 0.0, 0.5, 2.5)": -19.027856421899997, "(0.5, 0.0, 0.0, 1.0, 2.0)": -19.518127089799997, "(0.5, 0.0, 0.0, 1.5, 1.5)": -19.998335912199998, "(0.5, 0.0, 0.0, 2.0, 1.0)": -20.468051271599997, "(0.5, 0.0, 0.5, 0.0, 2.5)": -24.343191998799995, "(0.5, 0.0, 0.5, 0.5, 2.0)": -24.916193962399994, "(0.5, 0.0, 0.5, 1.0, 1.5)": -25.477469624899996, "(0.5, 0.0, 0.5, 1.5, 1.0)": -26.02656279469999, "(0.5, 0.0, 0.5, 2.0, 0.5)": -26.563063299899994, "(0.5, 0.0, 1.0, 0.0, 2.0)": -22.102375911699994, "(0.5, 0.0, 1.0, 0.5, 1.5)": -22.506991304699994, "(0.5, 0.0, 1.0, 1.0, 1.0)": -22.903814931699998, "(0.5, 0.0, 1.0, 1.5, 0.5)": -23.29131128259999, "(0.5, 0.0, 1.0, 2.0, 0.0)": -23.668288611399994, "(0.5, 0.0, 1.5, 0.0, 1.5)": -11.554015005399997, "(0.5, 0.0, 1.5, 0.5, 1.0)": -11.893836469699998, "(0.5, 0.0, 1.5, 1.0, 0.5)": -12.226781438199993, "(0.5, 0.0, 1.5, 1.5, 0.0)": -12.553257540299995, "(0.5, 0.0, 2.0, 0.0, 1.0)": -2.402877106899993, "(0.5, 0.0, 2.0, 0.5, 0.5)": -2.7361529292999975, "(0.5, 0.0, 2.0, 1.0, 0.0)": -3.0660191391999945, "(0.5, 0.0, 2.5, 0.0, 0.5)": 4.116344530100008, "(0.5, 0.0, 2.5, 0.5, 0.0)": 4.506145012700003, "(0.5, 0.0, 3.0, 0.0, 0.0)": 10.000418957800008, "(0.5, 0.5, 0.0, 0.0, 2.5)": -24.251252862599998, "(0.5, 0.5, 0.0, 0.5, 2.0)": -24.824083621999996, "(0.5, 0.5, 0.0, 1.0, 1.5)": -25.385094411099992, "(0.5, 0.5, 0.0, 1.5, 1.0)": -25.933967528699995, "(0.5, 0.5, 0.0, 2.0, 0.5)": -26.470253354399993, "(0.5, 0.5, 0.5, 0.0, 2.0)": -21.565328002999998, "(0.5, 0.5, 0.5, 0.5, 1.5)": -21.968117474099998, "(0.5, 0.5, 0.5, 1.0, 1.0)": -22.360375545999993, "(0.5, 0.5, 0.5, 1.5, 0.5)": -22.741347260399998, "(0.5, 0.5, 0.5, 2.0, 0.0)": -23.110601722299997, "(0.5, 0.5, 1.0, 0.0, 1.5)": -10.965654819499996, "(0.5, 0.5, 1.0, 0.5, 1.0)": -11.301499183099992, "(0.5, 0.5, 1.0, 1.0, 0.5)": -11.630533857099998, "(0.5, 0.5, 1.0, 1.5, 0.0)": -11.953178697399991, "(0.5, 0.5, 1.5, 0.0, 1.0)": -1.8117575951999925, "(0.5, 0.5, 1.5, 0.5, 0.5)": -2.141356708599993, "(0.5, 0.5, 1.5, 1.0, 0.0)": -2.467908456599993, "(0.5, 0.5, 2.0, 0.0, 0.5)": 5.463913573300005, "(0.5, 0.5, 2.0, 0.5, 0.0)": 5.088598775700007, "(0.5, 0.5, 2.5, 0.0, 0.0)": 10.540169026800001, "(0.5, 1.0, 0.0, 0.0, 2.0)": -21.015614113499993, "(0.5, 1.0, 0.0, 0.5, 1.5)": -21.411554697899994, "(0.5, 1.0, 0.0, 1.0, 1.0)": -21.795481752399994, "(0.5, 1.0, 0.0, 1.5, 0.5)": -22.167319875999993, "(0.5, 1.0, 0.0, 2.0, 0.0)": -22.527209174299998, "(0.5, 1.0, 0.5, 0.0, 1.5)": -10.367525303299992, "(0.5, 1.0, 0.5, 0.5, 1.0)": -10.699268478099995, "(0.5, 1.0, 0.5, 1.0, 0.5)": -11.024379816299998, "(0.5, 1.0, 0.5, 1.5, 0.0)": -11.342859440799998,