{"50": {"{'row-1': [0.0, 4.550579507, 4.550579507], 'row-2': [4.550579507, 0.0, 4.550579507], 'row-3': [4.550579507, 4.550579507, 0.0]}": {"['(5s1/2)', '(4d3/2)', '(4d5/2)', '(5p1/2)', '(5p3/2)']": {"(0.0, 1.0, 3.0, 1.0, 2.0)": 47.2844493776, "(0.0, 1.5, 2.5, 1.0, 2.0)": 46.8447992114, "(0.0, 1.5, 3.0, 0.5, 2.0)": 24.2344218254, "(0.0, 1.5, 3.0, 1.0, 1.5)": 24.0883913745, "(0.0, 2.0, 2.0, 1.0, 2.0)": 46.4130949573, "(0.0, 2.0, 2.5, 0.5, 2.0)": 23.8162068543, "(0.0, 2.0, 2.5, 1.0, 1.5)": 23.6681231555, "(0.0, 2.0, 3.0, 0.0, 2.0)": 6.3782494508, "(0.0, 2.0, 3.0, 0.5, 1.5)": 6.0677097019, "(0.0, 2.0, 3.0, 1.0, 1.0)": 5.7848823201, "(0.5, 0.5, 3.0, 1.0, 2.0)": 70.6216229685, "(0.5, 1.0, 2.5, 1.0, 2.0)": 70.1676790251, "(0.5, 1.0, 3.0, 0.5, 2.0)": 45.9996184772, "(0.5, 1.0, 3.0, 1.0, 1.5)": 45.9083900982, "(0.5, 1.5, 2.0, 1.0, 2.0)": 69.7191466468, "(0.5, 1.5, 2.5, 0.5, 2.0)": 45.5491925289, "(0.5, 1.5, 2.5, 1.0, 1.5)": 45.4574430938, "(0.5, 1.5, 3.0, 0.0, 2.0)": 22.689455594, "(0.5, 1.5, 3.0, 0.5, 1.5)": 22.5982856628, "(0.5, 1.5, 3.0, 1.0, 1.0)": 22.5218257688, "(0.5, 2.0, 1.5, 1.0, 2.0)": 69.2761209196, "(0.5, 2.0, 2.0, 0.5, 2.0)": 45.1066991325, "(0.5, 2.0, 2.0, 1.0, 1.5)": 45.0143751841, "(0.5, 2.0, 2.5, 0.0, 2.0)": 22.2466831843, "(0.5, 2.0, 2.5, 0.5, 1.5)": 22.1541230275, "(0.5, 2.0, 2.5, 1.0, 1.0)": 22.0764190608, "(0.5, 2.0, 3.0, 0.0, 1.5)": 3.0125639087, "(0.5, 2.0, 3.0, 0.5, 1.0)": 2.8205382632, "(0.5, 2.0, 3.0, 1.0, 0.5)": 2.6929711329, "(1.0, 0.0, 3.0, 1.0, 2.0)": 95.5052615285, "(1.0, 0.5, 2.5, 1.0, 2.0)": 95.043029798, "(1.0, 0.5, 3.0, 0.5, 2.0)": 69.6490163634, "(1.0, 0.5, 3.0, 1.0, 1.5)": 69.5738841347, "(1.0, 1.0, 2.0, 1.0, 2.0)": 94.5849826496, "(1.0, 1.0, 2.5, 0.5, 2.0)": 69.1890748026, "(1.0, 1.0, 2.5, 1.0, 1.5)": 69.1137586583, "(1.0, 1.0, 3.0, 0.0, 2.0)": 45.0208947339, "(1.0, 1.0, 3.0, 0.5, 1.5)": 44.9621808685, "(1.0, 1.0, 3.0, 1.0, 1.0)": 44.9126940921, "(1.0, 1.5, 1.5, 1.0, 2.0)": 94.1311679117, "(1.0, 1.5, 2.0, 0.5, 2.0)": 68.7347078398, "(1.0, 1.5, 2.0, 1.0, 1.5)": 68.6590959427, "(1.0, 1.5, 2.5, 0.0, 2.0)": 44.5618317535, "(1.0, 1.5, 2.5, 0.5, 1.5)": 44.5027534347, "(1.0, 1.5, 2.5, 1.0, 1.0)": 44.4529836635, "(1.0, 1.5, 3.0, 0.0, 1.5)": 21.645437694, "(1.0, 1.5, 3.0, 0.5, 1.0)": 21.6270675104, "(1.0, 1.5, 3.0, 1.0, 0.5)": 21.6223666868, "(1.0, 2.0, 1.0, 1.0, 2.0)": 93.681628094, "(1.0, 2.0, 1.5, 0.5, 2.0)": 68.2857715035, "(1.0, 2.0, 1.5, 1.0, 1.5)": 68.2099413025, "(1.0, 2.0, 2.0, 0.0, 2.0)": 44.1107196403, "(1.0, 2.0, 2.0, 0.5, 1.5)": 44.0512594922, "(1.0, 2.0, 2.0, 1.0, 1.0)": 44.0012166313, "(1.0, 2.0, 2.5, 0.0, 1.5)": 21.1848764783, "(1.0, 2.0, 2.5, 0.5, 1.0)": 21.1661439048, "(1.0, 2.0, 2.5, 1.0, 0.5)": 21.1613256773, "(1.0, 2.0, 3.0, 0.0, 1.0)": 2.1952239546, "(1.0, 2.0, 3.0, 0.5, 0.5)": 2.4244754328, "(1.0, 2.0, 3.0, 1.0, 0.0)": 2.6919199963}}}}