{"(0.0, 1.0, 3.0, 1.0, 2.0)": 44.9415260555, "(0.0, 1.5, 2.5, 1.0, 2.0)": 44.5018758893, "(0.0, 1.5, 3.0, 0.5, 2.0)": 21.8914985033, "(0.0, 1.5, 3.0, 1.0, 1.5)": 21.7454680524, "(0.0, 2.0, 2.0, 1.0, 2.0)": 44.0701716352, "(0.0, 2.0, 2.5, 0.5, 2.0)": 21.4732835322, "(0.0, 2.0, 2.5, 1.0, 1.5)": 21.3251998334, "(0.0, 2.0, 3.0, 0.0, 2.0)": 4.0353261287, "(0.0, 2.0, 3.0, 0.5, 1.5)": 3.7247863798000003, "(0.0, 2.0, 3.0, 1.0, 1.0)": 3.4419589980000005, "(0.5, 0.5, 3.0, 1.0, 2.0)": 68.2786996464, "(0.5, 1.0, 2.5, 1.0, 2.0)": 67.824755703, "(0.5, 1.0, 3.0, 0.5, 2.0)": 43.6566951551, "(0.5, 1.0, 3.0, 1.0, 1.5)": 43.5654667761, "(0.5, 1.5, 2.0, 1.0, 2.0)": 67.37622332469999, "(0.5, 1.5, 2.5, 0.5, 2.0)": 43.2062692068, "(0.5, 1.5, 2.5, 1.0, 1.5)": 43.1145197717, "(0.5, 1.5, 3.0, 0.0, 2.0)": 20.3465322719, "(0.5, 1.5, 3.0, 0.5, 1.5)": 20.2553623407, "(0.5, 1.5, 3.0, 1.0, 1.0)": 20.1789024467, "(0.5, 2.0, 1.5, 1.0, 2.0)": 66.9331975975, "(0.5, 2.0, 2.0, 0.5, 2.0)": 42.7637758104, "(0.5, 2.0, 2.0, 1.0, 1.5)": 42.671451862, "(0.5, 2.0, 2.5, 0.0, 2.0)": 19.9037598622, "(0.5, 2.0, 2.5, 0.5, 1.5)": 19.8111997054, "(0.5, 2.0, 2.5, 1.0, 1.0)": 19.7334957387, "(0.5, 2.0, 3.0, 0.0, 1.5)": 0.6696405865999999, "(0.5, 2.0, 3.0, 0.5, 1.0)": 0.47761494110000013, "(0.5, 2.0, 3.0, 1.0, 0.5)": 0.3500478108, "(1.0, 0.0, 3.0, 1.0, 2.0)": 93.1623382064, "(1.0, 0.5, 2.5, 1.0, 2.0)": 92.7001064759, "(1.0, 0.5, 3.0, 0.5, 2.0)": 67.30609304129999, "(1.0, 0.5, 3.0, 1.0, 1.5)": 67.23096081259999, "(1.0, 1.0, 2.0, 1.0, 2.0)": 92.24205932749999, "(1.0, 1.0, 2.5, 0.5, 2.0)": 66.8461514805, "(1.0, 1.0, 2.5, 1.0, 1.5)": 66.7708353362, "(1.0, 1.0, 3.0, 0.0, 2.0)": 42.6779714118, "(1.0, 1.0, 3.0, 0.5, 1.5)": 42.6192575464, "(1.0, 1.0, 3.0, 1.0, 1.0)": 42.56977077, "(1.0, 1.5, 1.5, 1.0, 2.0)": 91.7882445896, "(1.0, 1.5, 2.0, 0.5, 2.0)": 66.39178451769999, "(1.0, 1.5, 2.0, 1.0, 1.5)": 66.3161726206, "(1.0, 1.5, 2.5, 0.0, 2.0)": 42.2189084314, "(1.0, 1.5, 2.5, 0.5, 1.5)": 42.1598301126, "(1.0, 1.5, 2.5, 1.0, 1.0)": 42.1100603414, "(1.0, 1.5, 3.0, 0.0, 1.5)": 19.302514371900003, "(1.0, 1.5, 3.0, 0.5, 1.0)": 19.2841441883, "(1.0, 1.5, 3.0, 1.0, 0.5)": 19.2794433647, "(1.0, 2.0, 1.0, 1.0, 2.0)": 91.3387047719, "(1.0, 2.0, 1.5, 0.5, 2.0)": 65.9428481814, "(1.0, 2.0, 1.5, 1.0, 1.5)": 65.86701798039999, "(1.0, 2.0, 2.0, 0.0, 2.0)": 41.7677963182, "(1.0, 2.0, 2.0, 0.5, 1.5)": 41.708336170100004, "(1.0, 2.0, 2.0, 1.0, 1.0)": 41.6582933092, "(1.0, 2.0, 2.5, 0.0, 1.5)": 18.841953156200002, "(1.0, 2.0, 2.5, 0.5, 1.0)": 18.8232205827, "(1.0, 2.0, 2.5, 1.0, 0.5)": 18.8184023552, "(1.0, 2.0, 3.0, 0.0, 1.0)": -0.1476993675, "(1.0, 2.0, 3.0, 0.5, 0.5)": 0.08155211070000012, "(1.0, 2.0, 3.0, 1.0, 0.0)": 0.3489966741999999}