{"29": 39.2053738477, "50": 2.3429233221, "15": 5.7713403205, "67": 127.2428415796, "93": 64.7158995137, "8": 6.8853414266, "27": 12.1002492393, "91": 23.7548060884, "81": 4.5157720066, "62": 13.5781266317, "9": 1.5663736863, "6": 26.2022318097, "68": 8.1987589563, "30": 9.517082564, "88": 2.416673408, "46": 25.5670792685, "64": 13.8296717781, "63": 19.2346227691, "90": 7.8659396297, "31": 3.4990776376, "17": 1.0964302275, "79": 11.836273364, "72": 9.1802785615, "44": 19.3349296732, "54": 1.2792467009, "41": 10.9512569705, "51": 2.7223770051, "52": 2.9411309646, "10": 0.1795715792, "53": 2.3259178801, "24": 11.6543338008, "4": 4.0084955821, "55": 1.2874119633, "83": 4.4859293168, "89": 5.7168352941, "75": 14.2738105824, "74": 12.6651920589, "39": 2.0825571758, "7": 4.2692661529, "96": 118.6816150727, "23": 13.8492981331, "48": 4.9953415241, "28": 6.1167993102, "92": 47.237879407, "86": 2.7135183689, "73": 12.1504415037, "12": 2.1202783863, "70": 73.0143227326, "1": 0.759966952, "36": 1.0438752905, "58": 26.8347643287, "18": 0.2284360249, "57": 14.3711041995, "59": 14.0721181501, "32": 3.0815854082, "60": 12.1427635552, "38": 1.8390933701, "65": 16.7863199159, "2": 0.1097875844, "33": 3.8546539927, "25": 15.2299672811, "87": 2.2326225969, "22": 4056.0220351701, "56": 3.6015837335, "69": 2.0805587124, "71": 4.8839885508, "26": 14.7094983302, "76": 13.2858650214, "40": 3.6674499032, "77": 12.8321329747, "45": 14.4862450883, "84": 3.355951222, "78": 18.1657740896, "16": 3.6868365849, "66": 85.060635187, "43": 10.3483033981, "5": 9.8252390042, "21": 3.4761456671, "94": 101.3043728248, "20": 1.8482843985, "3": 0.8077015746, "61": 19.7511396827, "35": 3.8902392198, "47": 6.5695011792, "42": 16.9392762881, "11": 0.7671298767, "95": 125.7644121317}