{"(0.5, 2.0, 3.0)": 1.7096869113, "(0.6000000000000001, 1.9000000000000001, 3.0)": 2.4342605987, "(0.6000000000000001, 2.0, 2.9000000000000004)": 2.3967205349, "(0.7000000000000001, 1.8, 3.0)": 5.6967274305, "(0.7000000000000001, 1.9000000000000001, 2.9000000000000004)": 5.657712362, "(0.7000000000000001, 2.0, 2.8000000000000003)": 5.6187964881, "(0.8, 1.7000000000000002, 3.0)": 8.9813593759, "(0.8, 1.8, 2.9000000000000004)": 8.9428913897, "(0.8, 1.9000000000000001, 2.8000000000000003)": 8.9044798882, "(0.8, 2.0, 2.7)": 8.8661260837, "(0.9, 1.6, 3.0)": 12.3163808907, "(0.9, 1.7000000000000002, 2.9000000000000004)": 12.2785619784, "(0.9, 1.8, 2.8000000000000003)": 12.2407805192, "(0.9, 1.9000000000000001, 2.7)": 12.2030353242, "(0.9, 2.0, 2.6)": 12.1653278332, "(1.0, 1.5, 3.0)": 15.7189802352, "(1.0, 1.6, 2.9000000000000004)": 15.6817472752, "(1.0, 1.7000000000000002, 2.8000000000000003)": 15.6445492531, "(1.0, 1.8, 2.7)": 15.6073719062, "(1.0, 1.9000000000000001, 2.6)": 15.5702234109, "(1.0, 2.0, 2.5)": 15.5331025505}