{"93": {"{'row-1': [0.0, 4.022467206, 4.022467206], 'row-2': [4.022467206, 0.0, 4.022467206], 'row-3': [4.022467206, 4.022467206, 0.0]}": {"['(7s1/2)', '(5f5/2)', '(5f7/2)', '(6d3/2)', '(6d5/2)']": {"(0.0, 0.0, 0.0, 0.5, 3.0)": 44.5412361805, "(0.0, 0.0, 0.0, 1.0, 2.5)": 44.106649306, "(0.0, 0.0, 0.0, 1.5, 2.0)": 43.6835757491, "(0.0, 0.0, 0.0, 2.0, 1.5)": 43.2721452793, "(0.0, 0.0, 0.5, 0.0, 3.0)": 38.8530272212, "(0.0, 0.0, 0.5, 0.5, 2.5)": 38.3417300925, "(0.0, 0.0, 0.5, 1.0, 2.0)": 37.8433871344, "(0.0, 0.0, 0.5, 1.5, 1.5)": 37.358559357, "(0.0, 0.0, 0.5, 2.0, 1.0)": 36.887404123, "(0.0, 0.0, 1.0, 0.0, 2.5)": 41.1256419456, "(0.0, 0.0, 1.0, 0.5, 2.0)": 40.7637770022, "(0.0, 0.0, 1.0, 1.0, 1.5)": 40.4102947185, "(0.0, 0.0, 1.0, 1.5, 1.0)": 40.0655120339, "(0.0, 0.0, 1.0, 2.0, 0.5)": 39.7299624448, "(0.0, 0.0, 1.5, 0.0, 2.0)": 51.8305201456, "(0.0, 0.0, 1.5, 0.5, 1.5)": 51.5200168866, "(0.0, 0.0, 1.5, 1.0, 1.0)": 51.2156147884, "(0.0, 0.0, 1.5, 1.5, 0.5)": 50.9166813619, "(0.0, 0.0, 1.5, 2.0, 0.0)": 50.6234768677, "(0.0, 0.0, 2.0, 0.0, 1.5)": 60.5182258178, "(0.0, 0.0, 2.0, 0.5, 1.0)": 60.1357109823, "(0.0, 0.0, 2.0, 1.0, 0.5)": 59.7437447019, "(0.0, 0.0, 2.0, 1.5, 0.0)": 60.3860235001, "(0.0, 0.0, 2.5, 0.0, 1.0)": 67.9384721917, "(0.0, 0.0, 2.5, 0.5, 0.5)": 67.8084214165, "(0.0, 0.0, 2.5, 1.0, 0.0)": 67.4482261458, "(0.0, 0.0, 3.0, 0.0, 0.5)": 73.1779544126, "(0.0, 0.0, 3.0, 0.5, 0.0)": 72.7643572948, "(0.0, 0.0, 3.5, 0.0, 0.0)": 76.6688059321, "(0.0, 0.5, 0.0, 0.0, 3.0)": 38.9469681749, "(0.0, 0.5, 0.0, 0.5, 2.5)": 38.4355780112, "(0.0, 0.5, 0.0, 1.0, 2.0)": 37.9371129892, "(0.0, 0.5, 0.0, 1.5, 1.5)": 37.45203833, "(0.0, 0.5, 0.0, 2.0, 1.0)": 36.9806767715, "(0.0, 0.5, 0.5, 0.0, 2.5)": 41.6878427462, "(0.0, 0.5, 0.5, 0.5, 2.0)": 41.3279632954, "(0.0, 0.5, 0.5, 1.0, 1.5)": 40.9776417968, "(0.0, 0.5, 0.5, 1.5, 1.0)": 40.6372993099, "(0.0, 0.5, 0.5, 2.0, 0.5)": 40.306851044, "(0.0, 0.5, 1.0, 0.0, 2.0)": 52.4385860841, "(0.0, 0.5, 1.0, 0.5, 1.5)": 52.1316795339, "(0.0, 0.5, 1.0, 1.0, 1.0)": 51.8307075734, "(0.0, 0.5, 1.0, 1.5, 0.5)": 51.5355181144, "(0.0, 0.5, 1.0, 2.0, 0.0)": 51.2456833507, "(0.0, 0.5, 1.5, 0.0, 1.5)": 61.1399159354, "(0.0, 0.5, 1.5, 0.5, 1.0)": 60.7639326064, "(0.0, 0.5, 1.5, 1.0, 0.5)": 60.6234876611, "(0.0, 0.5, 1.5, 1.5, 0.0)": 60.9941073308, "(0.0, 0.5, 2.0, 0.0, 1.0)": 68.535147493, "(0.0, 0.5, 2.0, 0.5, 0.5)": 68.4025615502, "(0.0, 0.5, 2.0, 1.0, 0.0)": 68.0445723427, "(0.0, 0.5, 2.5, 0.0, 0.5)": 73.727648504, "(0.0, 0.5, 2.5, 0.5, 0.0)": 73.3153965043, "(0.0, 0.5, 3.0, 0.0, 0.0)": 77.1663506958, "(0.0, 1.0, 0.0, 0.0, 2.5)": 42.2623619864, "(0.0, 1.0, 0.0, 0.5, 2.0)": 41.9078554762, "(0.0, 1.0, 0.0, 1.0, 1.5)": 41.5638686577, "(0.0, 1.0, 0.0, 1.5, 1.0)": 41.2305703217, "(0.0, 1.0, 0.0, 2.0, 0.5)": 40.9075334928, "(0.0, 1.0, 0.5, 0.0, 2.0)": 53.0564152799, "(0.0, 1.0, 0.5, 0.5, 1.5)": 52.7531985283, "(0.0, 1.0, 0.5, 1.0, 1.0)": 52.4559369229, "(0.0, 1.0, 0.5, 1.5, 0.5)": 52.1643246717, "(0.0, 1.0, 0.5, 2.0, 0.0)": 51.8782333349, "(0.0, 1.0, 1.0, 0.0, 1.5)": 61.7052778217, "(0.0, 1.0, 1.0, 0.5, 1.0)": 61.2457275699, "(0.0, 1.0, 1.0, 1.0, 0.5)": 61.396071508, "(0.0, 1.0, 1.0, 1.5, 0.0)": 61.6122883361, "(0.0, 1.0, 1.5, 0.0, 1.0)": 68.9883961512, "(0.0, 1.0, 1.5, 0.5, 0.5)": 69.0047601347, "(0.0, 1.0, 1.5, 1.0, 0.0)": 68.6496749504, "(0.0, 1.0, 2.0, 0.0, 0.5)": 74.2819189015, "(0.0, 1.0, 2.0, 0.5, 0.0)": 73.8711568126, "(0.0, 1.0, 2.5, 0.0, 0.0)": 77.6637469309, "(0.0, 1.5, 0.0, 0.0, 2.0)": 53.6835887041, "(0.0, 1.5, 0.0, 0.5, 1.5)": 53.3844430255, "(0.0, 1.5, 0.0, 1.0, 1.0)": 53.0909052621, "(0.0, 1.5, 0.0, 1.5, 0.5)": 52.8029647304, "(0.0, 1.5, 0.0, 2.0, 0.0)": 52.5206040576, "(0.0, 1.5, 0.5, 0.0, 1.5)": 62.3479906236, "(0.0, 1.5, 0.5, 0.5, 1.0)": 61.9017250547, "(0.0, 1.5, 0.5, 1.0, 0.5)": 61.6160676204, "(0.0, 1.5, 0.5, 1.5, 0.0)": 62.2402005926, "(0.0, 1.5, 1.0, 0.0, 1.0)": 69.7528562871, "(0.0, 1.5, 1.0, 0.5, 0.5)": 69.399446922, "(0.0, 1.5, 1.0, 1.0, 0.0)": 69.2623718735, "(0.0, 1.5, 1.5, 0.0, 0.5)": 74.8395619491, "(0.0, 1.5, 1.5, 0.5, 0.0)": 74.4316098758, "(0.0, 1.5, 2.0, 0.0, 0.0)": 78.1589183532, "(0.0, 2.0, 0.0, 0.0, 1.5)": 62.9993405077, "(0.0, 2.0, 0.0, 0.5, 1.0)": 62.5664103562, "(0.0, 2.0, 0.0, 1.0, 0.5)": 62.4079681449, "(0.0, 2.0, 0.0, 1.5, 0.0)": 62.8781169949, "(0.0, 2.0, 0.5, 0.0, 1.0)": 70.3735859183, "(0.0, 2.0, 0.5, 0.5, 0.5)": 69.5629264748, "(0.0, 2.0, 0.5, 1.0, 0.0)": 69.8832757515, "(0.0, 2.0, 1.0, 0.0, 0.5)": 75.4019101649, "(0.0, 2.0, 1.0, 0.5, 0.0)": 74.9934208255, "(0.0, 2.0, 1.5, 0.0, 0.0)": 78.6524467226, "(0.0, 2.5, 0.0, 0.0, 1.0)": 71.001838824, "(0.0, 2.5, 0.0, 0.5, 0.5)": 70.8602131374, "(0.0, 2.5, 0.0, 1.0, 0.0)": 70.5123671107, "(0.0, 2.5, 0.5, 0.0, 0.5)": 75.9651971101, "(0.0, 2.5, 0.5, 0.5, 0.0)": 75.5597037637, "(0.0, 2.5, 1.0, 0.0, 0.0)": 79.1409492436, "(0.0, 3.0, 0.0, 0.0, 0.5)": 76.5322042296, "(0.0, 3.0, 0.0, 0.5, 0.0)": 76.1274677066, "(0.0, 3.0, 0.5, 0.0, 0.0)": 79.4130788661, "(0.5, 0.0, 0.0, 0.0, 3.0)": 46.1880736732, "(0.5, 0.0, 0.0, 0.5, 2.5)": 45.6880430918, "(0.5, 0.0, 0.0, 1.0, 2.0)": 45.1977724239, "(0.5, 0.0, 0.0, 1.5, 1.5)": 44.7175636015, "(0.5, 0.0, 0.0, 2.0, 1.0)": 44.2478482421, "(0.5, 0.0, 0.5, 0.0, 2.5)": 40.3727075149, "(0.5, 0.0, 0.5, 0.5, 2.0)": 39.7997055513, "(0.5, 0.0, 0.5, 1.0, 1.5)": 39.2384298888, "(0.5, 0.0, 0.5, 1.5, 1.0)": 38.689336719, "(0.5, 0.0, 0.5, 2.0, 0.5)": 38.1528362138, "(0.5, 0.0, 1.0, 0.0, 2.0)": 42.613523602, "(0.5, 0.0, 1.0, 0.5, 1.5)": 42.208908209, "(0.5, 0.0, 1.0, 1.0, 1.0)": 41.812084582, "(0.5, 0.0, 1.0, 1.5, 0.5)": 41.4245882311, "(0.5, 0.0, 1.0, 2.0, 0.0)": 41.0476109023, "(0.5, 0.0, 1.5, 0.0, 1.5)": 53.1618845083, "(0.5, 0.0, 1.5, 0.5, 1.0)": 52.822063044, "(0.5, 0.0, 1.5, 1.0, 0.5)": 52.4891180755, "(0.5, 0.0, 1.5, 1.5, 0.0)": 52.1626419734, "(0.5, 0.0, 2.0, 0.0, 1.0)": 62.3130224068, "(0.5, 0.0, 2.0, 0.5, 0.5)": 61.9797465844, "(0.5, 0.0, 2.0, 1.0, 0.0)": 61.6498803745, "(0.5, 0.0, 2.5, 0.0, 0.5)": 68.8322440438, "(0.5, 0.0, 2.5, 0.5, 0.0)": 69.2220445264, "(0.5, 0.0, 3.0, 0.0, 0.0)": 74.7163184715, "(0.5, 0.5, 0.0, 0.0, 2.5)": 40.4646466511, "(0.5, 0.5, 0.0, 0.5, 2.0)": 39.8918158917, "(0.5, 0.5, 0.0, 1.0, 1.5)": 39.3308051026, "(0.5, 0.5, 0.0, 1.5, 1.0)": 38.781931985, "(0.5, 0.5, 0.0, 2.0, 0.5)": 38.2456461593, "(0.5, 0.5, 0.5, 0.0, 2.0)": 43.1505715107, "(0.5, 0.5, 0.5, 0.5, 1.5)": 42.7477820396, "(0.5, 0.5, 0.5, 1.0, 1.0)": 42.3555239677, "(0.5, 0.5, 0.5, 1.5, 0.5)": 41.9745522533, "(0.5, 0.5, 0.5, 2.0, 0.0)": 41.6052977914, "(0.5, 0.5, 1.0, 0.0, 1.5)": 53.7502446942, "(0.5, 0.5, 1.0, 0.5, 1.0)": 53.4144003306, "(0.5, 0.5, 1.0, 1.0, 0.5)": 53.0853656566, "(0.5, 0.5, 1.0, 1.5, 0.0)": 52.7627208163, "(0.5, 0.5, 1.5, 0.0, 1.0)": 62.9041419185, "(0.5, 0.5, 1.5, 0.5, 0.5)": 62.5745428051, "(0.5, 0.5, 1.5, 1.0, 0.0)": 62.2479910571, "(0.5, 0.5, 2.0, 0.0, 0.5)": 70.179813087, "(0.5, 0.5, 2.0, 0.5, 0.0)": 69.8044982894, "(0.5, 0.5, 2.5, 0.0, 0.0)": 75.2560685405, "(0.5, 1.0, 0.0, 0.0, 2.0)": 43.7002854002, "(0.5, 1.0, 0.0, 0.5, 1.5)": 43.3043448158, "(0.5, 1.0, 0.0, 1.0, 1.0)": 42.9204177613, "(0.5, 1.0, 0.0, 1.5, 0.5)": 42.5485796377, "(0.5, 1.0, 0.0, 2.0, 0.0)": 42.1886903394, "(0.5, 1.0, 0.5, 0.0, 1.5)": 54.3483742104, "(0.5, 1.0, 0.5, 0.5, 1.0)": 54.0166310356, "(0.5, 1.0, 0.5, 1.0, 0.5)": 53.6915196974, "(0.5, 1.0, 0.5, 1.5, 0.0)": 53.3730400729, "(0.5, 1.0, 1.0, 0.0, 1.0)": 63.5043607682, "(0.5, 1.0, 1.0, 0.5, 0.5)": 63.1785322598, "(0.5, 1.0, 1.0, 1.0, 0.0)": 62.8556709276, "(0.5, 1.0, 1.5, 0.0, 0.5)": 70.0035243445, "(0.5, 1.0, 1.5, 0.5, 0.0)": 70.3945593447, "(0.5, 1.0, 2.0, 0.0, 0.0)": 75.8005716087, "(0.5, 1.5, 0.0, 0.0, 1.5)": 54.9559299431, "(0.5, 1.5, 0.0, 0.5, 1.0)": 54.6282492797, "(0.5, 1.5, 0.0, 1.0, 0.5)": 54.3072713393, "(0.5, 1.5, 0.0, 1.5, 0.0)": 53.9927631174, "(0.5, 1.5, 0.5, 0.0, 1.0)": 64.1138924656, "(0.5, 1.5, 0.5, 0.5, 0.5)": 63.7916813401, "(0.5, 1.5, 0.5, 1.0, 0.0)": 63.4727256817, "(0.5, 1.5, 1.0, 0.0, 0.5)": 71.1366540734, "(0.5, 1.5, 1.0, 0.5, 0.0)": 71.3243349922,