{"81": {"{'row-1': [-3.758243218, 3.758243218, 3.758243218], 'row-2': [3.758243218, -3.758243218, 3.758243218], 'row-3': [3.758243218, 3.758243218, -3.758243218]}": {"['(6s1/2)', '(5d3/2)', '(5d5/2)', '(6p1/2)', '(6p3/2)']": {"(0.0, 0.5, 3.0, 1.0, 2.0)": 48.6274548909, "(0.0, 1.0, 2.5, 1.0, 2.0)": 47.7952814702, "(0.0, 1.0, 3.0, 0.5, 2.0)": 32.4130116491, "(0.0, 1.0, 3.0, 1.0, 1.5)": 32.0309250387, "(0.0, 1.5, 2.0, 1.0, 2.0)": 46.9955086767, "(0.0, 1.5, 2.5, 0.5, 2.0)": 31.6461671405, "(0.0, 1.5, 2.5, 1.0, 1.5)": 31.2415022248, "(0.0, 2.0, 1.5, 1.0, 2.0)": 46.2291369486, "(0.0, 2.0, 2.0, 0.5, 2.0)": 30.9296224672, "(0.0, 2.0, 2.0, 1.0, 1.5)": 30.4146881477, "(0.0, 2.0, 3.0, 0.0, 1.5)": 7.9104190917, "(0.0, 2.0, 3.0, 0.5, 1.0)": 7.0472069318, "(0.0, 2.0, 3.0, 1.0, 0.5)": 6.3226002516, "(0.5, 0.0, 3.0, 1.0, 2.0)": 64.0510199329, "(0.5, 0.5, 2.5, 1.0, 2.0)": 63.1691067103, "(0.5, 0.5, 3.0, 0.5, 2.0)": 46.9796210403, "(0.5, 0.5, 3.0, 1.0, 1.5)": 46.6385681881, "(0.5, 1.0, 2.0, 1.0, 2.0)": 62.311372978, "(0.5, 1.0, 2.5, 0.5, 2.0)": 46.1180657176, "(0.5, 1.0, 2.5, 1.0, 1.5)": 45.7685710081, "(0.5, 1.0, 3.0, 0.0, 2.0)": 30.57403373, "(0.5, 1.0, 3.0, 0.5, 1.5)": 30.20277801, "(0.5, 1.0, 3.0, 1.0, 1.0)": 29.9185602607, "(0.5, 1.5, 1.5, 1.0, 2.0)": 61.4786970017, "(0.5, 1.5, 2.0, 0.5, 2.0)": 45.2890651, "(0.5, 1.5, 2.0, 1.0, 1.5)": 44.9308707511, "(0.5, 1.5, 2.5, 0.0, 2.0)": 29.7634038083, "(0.5, 1.5, 2.5, 0.5, 1.5)": 29.3787651128, "(0.5, 1.5, 2.5, 1.0, 1.0)": 29.0824703022, "(0.5, 2.0, 1.0, 1.0, 2.0)": 60.6718272852, "(0.5, 2.0, 1.5, 0.5, 2.0)": 44.4938362653, "(0.5, 2.0, 1.5, 1.0, 1.5)": 44.1270375107, "(0.5, 2.0, 2.0, 0.0, 2.0)": 29.0043169862, "(0.5, 2.0, 2.0, 0.5, 1.5)": 28.6059970007, "(0.5, 2.0, 2.0, 1.0, 1.0)": 28.363937101, "(0.5, 2.0, 3.0, 0.0, 1.0)": 4.898538109, "(0.5, 2.0, 3.0, 0.5, 0.5)": 4.4595887539, "(0.5, 2.0, 3.0, 1.0, 0.0)": 4.2509997877, "(1.0, 0.0, 2.5, 1.0, 2.0)": 79.6190149122, "(1.0, 0.0, 3.0, 0.5, 2.0)": 62.7253297615, "(1.0, 0.0, 3.0, 1.0, 1.5)": 62.466401475, "(1.0, 0.5, 2.0, 1.0, 2.0)": 78.726243562, "(1.0, 0.5, 2.5, 0.5, 2.0)": 61.8227665916, "(1.0, 0.5, 2.5, 1.0, 1.5)": 61.55817103, "(1.0, 0.5, 3.0, 0.0, 2.0)": 45.4938001776, "(1.0, 0.5, 3.0, 0.5, 1.5)": 45.3385283208, "(1.0, 0.5, 3.0, 1.0, 1.0)": 45.1494089672, "(1.0, 1.0, 1.5, 1.0, 2.0)": 77.8535535242, "(1.0, 1.0, 2.0, 0.5, 2.0)": 60.9444111504, "(1.0, 1.0, 2.0, 1.0, 1.5)": 60.674052596, "(1.0, 1.0, 2.5, 0.0, 2.0)": 44.610436002, "(1.0, 1.0, 2.5, 0.5, 1.5)": 44.4419920317, "(1.0, 1.0, 2.5, 1.0, 1.0)": 44.2457179757, "(1.0, 1.0, 3.0, 0.0, 1.5)": 28.9299453364, "(1.0, 1.0, 3.0, 0.5, 1.0)": 28.699359827, "(1.0, 1.0, 3.0, 1.0, 0.5)": 28.6272456623, "(1.0, 1.5, 1.0, 1.0, 2.0)": 77.0014288185, "(1.0, 1.5, 1.5, 0.5, 2.0)": 60.0893033961, "(1.0, 1.5, 1.5, 1.0, 1.5)": 59.8148921468, "(1.0, 1.5, 2.0, 0.0, 2.0)": 43.7599020568, "(1.0, 1.5, 2.0, 0.5, 1.5)": 43.5776982318, "(1.0, 1.5, 2.0, 1.0, 1.0)": 43.3743829096, "(1.0, 1.5, 2.5, 0.0, 1.5)": 28.0568597201, "(1.0, 1.5, 2.5, 0.5, 1.0)": 27.8266990391, "(1.0, 1.5, 2.5, 1.0, 0.5)": 27.7458741255, "(1.0, 2.0, 0.5, 1.0, 2.0)": 76.1705111094, "(1.0, 2.0, 1.0, 0.5, 2.0)": 59.2636446249, "(1.0, 2.0, 1.0, 1.0, 1.5)": 58.9815228506, "(1.0, 2.0, 1.5, 0.0, 2.0)": 42.9435999287, "(1.0, 2.0, 1.5, 0.5, 1.5)": 42.7475451609, "(1.0, 2.0, 1.5, 1.0, 1.0)": 42.5374934278, "(1.0, 2.0, 2.0, 0.0, 1.5)": 27.2357572939, "(1.0, 2.0, 2.0, 0.5, 1.0)": 27.005903919, "(1.0, 2.0, 2.0, 1.0, 0.5)": 26.9158411293, "(1.0, 2.0, 3.0, 0.0, 0.5)": 4.4626236243, "(1.0, 2.0, 3.0, 0.5, 0.0)": 4.6743672411}}}}