{"27": {"{'row-1': [-2.610743854, 2.610743854, 2.610743854], 'row-2': [2.610743854, -2.610743854, 2.610743854], 'row-3': [2.610743854, 2.610743854, -2.610743854]}": {"['(3p1/2)', '(3p3/2)', '(4s1/2)', '(3d3/2)', '(3d5/2)']": {"(0.0, 1.5, 1.0, 2.0, 3.0)": [57.2158255768, 57.2158255768], "(0.0, 1.75, 0.75, 2.0, 3.0)": [46.8744019073, 46.8744019073], "(0.0, 1.75, 1.0, 1.75, 3.0)": [47.8061839812, 47.8061839812], "(0.0, 1.75, 1.0, 2.0, 2.75)": [47.7858215926, 47.7858215926], "(0.0, 2.0, 0.5, 2.0, 3.0)": [39.7303943883, 39.7303943883], "(0.0, 2.0, 0.75, 1.75, 3.0)": [37.9165784721, 37.9165784721], "(0.0, 2.0, 0.75, 2.0, 2.75)": [37.9273381207, 37.9273381207], "(0.0, 2.0, 1.0, 1.5, 3.0)": [38.3975058547, 38.3975058547], "(0.0, 2.0, 1.0, 1.75, 2.75)": [38.3773372559, 38.3773372559], "(0.0, 2.0, 1.0, 2.0, 2.5)": [38.3575706947, 38.3575706947], "(0.25, 1.25, 1.0, 2.0, 3.0)": [56.9502359605, 56.9502359605], "(0.25, 1.5, 0.75, 2.0, 3.0)": [46.657740381, 46.657740381], "(0.25, 1.5, 1.0, 1.75, 3.0)": [47.5415421755, 47.5415421755], "(0.25, 1.5, 1.0, 2.0, 2.75)": [47.5217894874, 47.5217894874], "(0.25, 1.75, 0.5, 2.0, 3.0)": [39.5763577778, 39.5763577778], "(0.25, 1.75, 0.75, 1.75, 3.0)": [37.7168858604, 37.7168858604], "(0.25, 1.75, 0.75, 2.0, 2.75)": [37.7285346883, 37.7285346883], "(0.25, 1.75, 1.0, 1.5, 3.0)": [38.133476842, 38.133476842], "(0.25, 1.75, 1.0, 1.75, 2.75)": [38.1142051835, 38.1142051835], "(0.25, 1.75, 1.0, 2.0, 2.5)": [38.0952977561, 38.0952977561], "(0.25, 2.0, 0.25, 2.0, 3.0)": [35.1711941243, 35.1711941243], "(0.25, 2.0, 0.5, 1.75, 3.0)": [31.9709378214, 31.9709378214], "(0.25, 2.0, 0.5, 2.0, 2.75)": [32.0142819065, 32.0142819065], "(0.25, 2.0, 0.75, 1.5, 3.0)": [29.093248198, 29.093248198], "(0.25, 2.0, 0.75, 1.75, 2.75)": [29.1168801137, 29.1168801137], "(0.25, 2.0, 0.75, 2.0, 2.5)": [29.1409441996, 29.1409441996], "(0.25, 2.0, 1.0, 1.25, 3.0)": [28.7698768408, 28.7698768408], "(0.25, 2.0, 1.0, 1.5, 2.75)": [28.7539482657, 28.7539482657], "(0.25, 2.0, 1.0, 1.75, 2.5)": [28.7385383856, 28.7385383856], "(0.25, 2.0, 1.0, 2.0, 2.25)": [28.7236618864, 28.7236618864], "(0.5, 1.0, 1.0, 2.0, 3.0)": [56.6887611486, 56.6887611486], "(0.5, 1.25, 0.75, 2.0, 3.0)": [46.4463871552, 46.4463871552], "(0.5, 1.25, 1.0, 1.75, 3.0)": [47.2818186639, 47.2818186639], "(0.5, 1.25, 1.0, 2.0, 2.75)": [47.2625473935, 47.2625473935], "(0.5, 1.5, 0.5, 2.0, 3.0)": [39.4287713227, 39.4287713227], "(0.5, 1.5, 0.75, 1.75, 3.0)": [37.5238674367, 37.5238674367], "(0.5, 1.5, 0.75, 2.0, 2.75)": [37.5364088539, 37.5364088539], "(0.5, 1.5, 1.0, 1.5, 3.0)": [37.8758037694, 37.8758037694], "(0.5, 1.5, 1.0, 1.75, 2.75)": [37.8573993745, 37.8573993745], "(0.5, 1.5, 1.0, 2.0, 2.5)": [37.8393768368, 37.8393768368], "(0.5, 1.75, 0.25, 2.0, 3.0)": [35.0980262918, 35.0980262918], "(0.5, 1.75, 0.5, 1.75, 3.0)": [31.8660663804, 31.8660663804], "(0.5, 1.75, 0.5, 2.0, 2.75)": [31.9105707288, 31.9105707288], "(0.5, 1.75, 0.75, 1.5, 3.0)": [28.9306809903, 28.9306809903], "(0.5, 1.75, 0.75, 1.75, 2.75)": [28.9555244851, 28.9555244851], "(0.5, 1.75, 0.75, 2.0, 2.5)": [28.9808084954, 28.9808084954], "(0.5, 1.75, 1.0, 1.25, 3.0)": [28.5203443885, 28.5203443885], "(0.5, 1.75, 1.0, 1.5, 2.75)": [28.5055825583, 28.5055825583], "(0.5, 1.75, 1.0, 1.75, 2.5)": [28.4913499769, 28.4913499769], "(0.5, 1.75, 1.0, 2.0, 2.25)": [28.4776528784, 28.4776528784], "(0.5, 2.0, 0.0, 2.0, 3.0)": [33.2099751497, 33.2099751497], "(0.5, 2.0, 0.25, 1.75, 3.0)": [29.7681134201, 29.7681134201], "(0.5, 2.0, 0.25, 2.0, 2.75)": [29.8356300526, 29.8356300526], "(0.5, 2.0, 0.5, 1.5, 3.0)": [25.5301122208, 25.5301122208], "(0.5, 2.0, 0.5, 1.75, 2.75)": [25.5946666651, 25.5946666651], "(0.5, 2.0, 0.5, 2.0, 2.5)": [25.6595094195, 25.6595094195], "(0.5, 2.0, 0.75, 1.25, 3.0)": [21.0577710992, 21.0577710992], "(0.5, 2.0, 0.75, 1.5, 2.75)": [21.1037616144, 21.1037616144], "(0.5, 2.0, 0.75, 1.75, 2.5)": [21.1502940471, 21.1502940471], "(0.5, 2.0, 0.75, 2.0, 2.25)": [21.197365942, 21.197365942], "(0.5, 2.0, 1.0, 1.0, 3.0)": [19.2753726565, 19.2753726565], "(0.5, 2.0, 1.0, 1.25, 2.75)": [19.2664816353, 19.2664816353], "(0.5, 2.0, 1.0, 1.5, 2.5)": [19.2583142321, 19.2583142321], "(0.5, 2.0, 1.0, 1.75, 2.25)": [19.250972923, 19.250972923], "(0.5, 2.0, 1.0, 2.0, 2.0)": [19.2444299554, 19.2444299554], "(0.75, 0.75, 1.0, 2.0, 3.0)": [56.4314548569, 56.4314548569], "(0.75, 1.0, 0.75, 2.0, 3.0)": [46.240415506, 46.240415506], "(0.75, 1.0, 1.0, 1.75, 3.0)": [47.0270045008, 47.0270045008], "(0.75, 1.0, 1.0, 2.0, 2.75)": [47.0085320852, 47.0085320852], "(0.75, 1.25, 0.5, 2.0, 3.0)": [39.2876224112, 39.2876224112], "(0.75, 1.25, 0.75, 1.75, 3.0)": [37.3376316061, 37.3376316061], "(0.75, 1.25, 0.75, 2.0, 2.75)": [37.3510669333, 37.3510669333], "(0.75, 1.25, 1.0, 1.5, 3.0)": [37.6245406515, 37.6245406515], "(0.75, 1.25, 1.0, 1.75, 2.75)": [37.6071029497, 37.6071029497], "(0.75, 1.25, 1.0, 2.0, 2.5)": [37.5900721828, 37.5900721828], "(0.75, 1.5, 0.25, 2.0, 3.0)": [35.0322904384, 35.0322904384], "(0.75, 1.5, 0.5, 1.75, 3.0)": [31.7696853344, 31.7696853344], "(0.75, 1.5, 0.5, 2.0, 2.75)": [31.8152304806, 31.8152304806], "(0.75, 1.5, 0.75, 1.5, 3.0)": [28.7772387233, 28.7772387233], "(0.75, 1.5, 0.75, 1.75, 2.75)": [28.803304447, 28.803304447], "(0.75, 1.5, 0.75, 2.0, 2.5)": [28.8298096559, 28.8298096559], "(0.75, 1.5, 1.0, 1.25, 3.0)": [28.2794144866, 28.2794144866], "(0.75, 1.5, 1.0, 1.5, 2.75)": [28.2658379478, 28.2658379478], "(0.75, 1.5, 1.0, 1.75, 2.5)": [28.2527971184, 28.2527971184], "(0.75, 1.5, 1.0, 2.0, 2.25)": [28.2402903249, 28.2402903249], "(0.75, 1.75, 0.0, 2.0, 3.0)": [33.2268354482, 33.2268354482], "(0.75, 1.75, 0.25, 1.75, 3.0)": [29.7731807667, 29.7731807667], "(0.75, 1.75, 0.25, 2.0, 2.75)": [29.8415697279, 29.8415697279], "(0.75, 1.75, 0.5, 1.5, 3.0)": [25.5068605706, 25.5068605706], "(0.75, 1.75, 0.5, 1.75, 2.75)": [25.5725291049, 25.5725291049], "(0.75, 1.75, 0.5, 2.0, 2.5)": [25.6385015112, 25.6385015112], "(0.75, 1.75, 0.75, 1.25, 3.0)": [20.9673273454, 20.9673273454], "(0.75, 1.75, 0.75, 1.5, 2.75)": [21.0150101479, 21.0150101479], "(0.75, 1.75, 0.75, 1.75, 2.5)": [21.0632289218, 21.0632289218], "(0.75, 1.75, 0.75, 2.0, 2.25)": [21.1119818203, 21.1119818203], "(0.75, 1.75, 1.0, 1.0, 3.0)": [19.0523669778, 19.0523669778], "(0.75, 1.75, 1.0, 1.25, 2.75)": [19.0452598255, 19.0452598255], "(0.75, 1.75, 1.0, 1.5, 2.5)": [19.0389652085, 19.0389652085], "(0.75, 1.75, 1.0, 1.75, 2.25)": [19.0334659344, 19.0334659344], "(0.75, 1.75, 1.0, 2.0, 2.0)": [19.0287909568, 19.0287909568], "(0.75, 2.0, 0.0, 1.75, 3.0)": [30.8104484749, 30.8104484749], "(0.75, 2.0, 0.0, 2.0, 2.75)": [30.8903158783, 30.8903158783], "(0.75, 2.0, 0.25, 1.5, 3.0)": [26.8266336413, 26.8266336413], "(0.75, 2.0, 0.25, 1.75, 2.75)": [26.9118926627, 26.9118926627], "(0.75, 2.0, 0.25, 2.0, 2.5)": [26.9970899269, 26.9970899269], "(0.75, 2.0, 0.5, 1.25, 3.0)": [21.6058504627, 21.6058504627], "(0.75, 2.0, 0.5, 1.5, 2.75)": [21.6941611445, 21.6941611445], "(0.75, 2.0, 0.5, 1.75, 2.5)": [21.7826893705, 21.7826893705], "(0.75, 2.0, 0.5, 2.0, 2.25)": [21.8713559109, 21.8713559109], "(0.75, 2.0, 0.75, 1.0, 3.0)": [15.0919337734, 15.0919337734], "(0.75, 2.0, 0.75, 1.25, 2.75)": [15.1747270467, 15.1747270467], "(0.75, 2.0, 0.75, 1.5, 2.5)": [15.2579454444, 15.2579454444], "(0.75, 2.0, 0.75, 1.75, 2.25)": [15.3416366761, 15.3416366761], "(0.75, 2.0, 0.75, 2.0, 2.0)": [15.4254122775, 15.4254122775], "(0.75, 2.0, 1.0, 0.75, 3.0)": [10.1934981476, 10.1934981476], "(0.75, 2.0, 1.0, 1.0, 2.75)": [10.2070972447, 10.2070972447], "(0.75, 2.0, 1.0, 1.25, 2.5)": [10.2222986882, 10.2222986882], "(0.75, 2.0, 1.0, 1.5, 2.25)": [10.2390904083, 10.2390904083], "(0.75, 2.0, 1.0, 1.75, 2.0)": [10.2574608375, 10.2574608375], "(0.75, 2.0, 1.0, 2.0, 1.75)": [10.277397684, 10.277397684], "(1.0, 0.5, 1.0, 2.0, 3.0)": [56.1783742926, 56.1783742926], "(1.0, 0.75, 0.75, 2.0, 3.0)": [46.039900836, 46.039900836], "(1.0, 0.75, 1.0, 1.75, 3.0)": [46.7774060476, 46.7774060476],