{"49": {"{'row-1': [0.0, 4.526412866, 4.526412866], 'row-2': [4.526412866, 0.0, 4.526412866], 'row-3': [4.526412866, 4.526412866, 0.0]}": {"['(5s1/2)', '(4d3/2)', '(4d5/2)', '(5p1/2)', '(5p3/2)']": {"(0.0, 0.5, 3.0, 1.0, 2.0)": 66.2013600165, "(0.0, 1.0, 2.5, 1.0, 2.0)": 65.783848733, "(0.0, 1.0, 3.0, 0.5, 2.0)": 43.1507790083, "(0.0, 1.0, 3.0, 1.0, 1.5)": 43.0435576888, "(0.0, 1.5, 2.0, 1.0, 2.0)": 65.3708579862, "(0.0, 1.5, 2.5, 0.5, 2.0)": 42.736556252, "(0.0, 1.5, 2.5, 1.0, 1.5)": 42.6283609396, "(0.0, 1.5, 3.0, 0.0, 2.0)": 21.4454059117, "(0.0, 1.5, 3.0, 0.5, 1.5)": 21.3298644599, "(0.0, 1.5, 3.0, 1.0, 1.0)": 21.2265330019, "(0.0, 2.0, 1.5, 1.0, 2.0)": 64.9624663892, "(0.0, 2.0, 2.0, 0.5, 2.0)": 42.32899937, "(0.0, 2.0, 2.0, 1.0, 1.5)": 42.2198529023, "(0.0, 2.0, 2.5, 0.0, 2.0)": 21.0453056189, "(0.0, 2.0, 2.5, 0.5, 1.5)": 20.9273802137, "(0.0, 2.0, 2.5, 1.0, 1.0)": 20.8217723162, "(0.0, 2.0, 3.0, 0.0, 1.5)": 4.9697331183, "(0.0, 2.0, 3.0, 0.5, 1.0)": 4.7185730601, "(0.0, 2.0, 3.0, 1.0, 0.5)": 4.4880760649, "(0.5, 0.0, 3.0, 1.0, 2.0)": 89.2928339486, "(0.5, 0.5, 2.5, 1.0, 2.0)": 88.8670101955, "(0.5, 0.5, 3.0, 0.5, 2.0)": 65.0191302475, "(0.5, 0.5, 3.0, 1.0, 1.5)": 64.9312272515, "(0.5, 1.0, 2.0, 1.0, 2.0)": 88.4447020273, "(0.5, 1.0, 2.5, 0.5, 2.0)": 64.5942962875, "(0.5, 1.0, 2.5, 1.0, 1.5)": 64.5059382741, "(0.5, 1.0, 3.0, 0.0, 2.0)": 41.9136376122, "(0.5, 1.0, 3.0, 0.5, 1.5)": 41.8390496542, "(0.5, 1.0, 3.0, 1.0, 1.0)": 41.7724507944, "(0.5, 1.5, 1.5, 1.0, 2.0)": 88.0259341025, "(0.5, 1.5, 2.0, 0.5, 2.0)": 64.1740496448, "(0.5, 1.5, 2.0, 1.0, 1.5)": 64.0852104676, "(0.5, 1.5, 2.5, 0.0, 2.0)": 41.4881979694, "(0.5, 1.5, 2.5, 0.5, 1.5)": 41.4127987688, "(0.5, 1.5, 2.5, 1.0, 1.0)": 41.345583436, "(0.5, 1.5, 3.0, 0.0, 1.5)": 19.9909882895, "(0.5, 1.5, 3.0, 0.5, 1.0)": 19.9437686433, "(0.5, 1.5, 3.0, 1.0, 0.5)": 19.9084592987, "(0.5, 2.0, 1.0, 1.0, 2.0)": 87.6106701016, "(0.5, 2.0, 1.5, 0.5, 2.0)": 63.7583624405, "(0.5, 2.0, 1.5, 1.0, 1.5)": 63.669037155, "(0.5, 2.0, 2.0, 0.0, 2.0)": 41.0693981516, "(0.5, 2.0, 2.0, 0.5, 1.5)": 40.9931679705, "(0.5, 2.0, 2.0, 1.0, 1.0)": 40.9252636753, "(0.5, 2.0, 2.5, 0.0, 1.5)": 19.5638487346, "(0.5, 2.0, 2.5, 0.5, 1.0)": 19.514981209, "(0.5, 2.0, 2.5, 1.0, 0.5)": 19.4782151708, "(0.5, 2.0, 3.0, 0.0, 1.0)": 2.3890827513, "(0.5, 2.0, 3.0, 0.5, 0.5)": 2.2584103968, "(0.5, 2.0, 3.0, 1.0, 0.0)": 2.1744325552, "(1.0, 0.0, 2.5, 1.0, 2.0)": 113.3083899648, "(1.0, 0.0, 3.0, 0.5, 2.0)": 88.3105475194, "(1.0, 0.0, 3.0, 1.0, 1.5)": 88.2298327472, "(1.0, 0.5, 2.0, 1.0, 2.0)": 112.879034573, "(1.0, 0.5, 2.5, 0.5, 2.0)": 87.8798018971, "(1.0, 0.5, 2.5, 1.0, 1.5)": 87.7987897815, "(1.0, 0.5, 3.0, 0.0, 2.0)": 64.0470126703, "(1.0, 0.5, 3.0, 0.5, 1.5)": 63.9820586023, "(1.0, 0.5, 3.0, 1.0, 1.0)": 63.9235303689, "(1.0, 1.0, 1.5, 1.0, 2.0)": 112.45258892, "(1.0, 1.0, 2.0, 0.5, 2.0)": 87.4525504954, "(1.0, 1.0, 2.0, 1.0, 1.5)": 87.3712196364, "(1.0, 1.0, 2.5, 0.0, 2.0)": 63.6158149728, "(1.0, 1.0, 2.5, 0.5, 1.5)": 63.5504560774, "(1.0, 1.0, 2.5, 1.0, 1.0)": 63.4914868758, "(1.0, 1.0, 3.0, 0.0, 1.5)": 40.9321876979, "(1.0, 1.0, 3.0, 0.5, 1.0)": 40.8990097965, "(1.0, 1.0, 3.0, 1.0, 0.5)": 40.8736313914, "(1.0, 1.5, 1.0, 1.0, 2.0)": 112.0290775165, "(1.0, 1.5, 1.5, 0.5, 2.0)": 87.028826294, "(1.0, 1.5, 1.5, 1.0, 1.5)": 86.9471987617, "(1.0, 1.5, 2.0, 0.0, 2.0)": 63.1891064819, "(1.0, 1.5, 2.0, 0.5, 1.5)": 63.1233079368, "(1.0, 1.5, 2.0, 1.0, 1.0)": 63.063933823, "(1.0, 1.5, 2.5, 0.0, 1.5)": 40.4969143202, "(1.0, 1.5, 2.5, 0.5, 1.0)": 40.4631920229, "(1.0, 1.5, 2.5, 1.0, 0.5)": 40.4372956219, "(1.0, 1.5, 3.0, 0.0, 1.0)": 19.199108797, "(1.0, 1.5, 3.0, 0.5, 0.5)": 19.2202216566, "(1.0, 1.5, 3.0, 1.0, 0.0)": 19.2517057176, "(1.0, 2.0, 0.5, 1.0, 2.0)": 111.6085366325, "(1.0, 2.0, 1.0, 0.5, 2.0)": 86.6086869105, "(1.0, 2.0, 1.0, 1.0, 1.5)": 86.526767333, "(1.0, 2.0, 1.5, 0.0, 2.0)": 62.7669858387, "(1.0, 2.0, 1.5, 0.5, 1.5)": 62.7007966317, "(1.0, 2.0, 1.5, 1.0, 1.0)": 62.6410640286, "(1.0, 2.0, 2.0, 0.0, 1.5)": 40.0682696392, "(1.0, 2.0, 2.0, 0.5, 1.0)": 40.033986821, "(1.0, 2.0, 2.0, 1.0, 0.5)": 40.0075920742, "(1.0, 2.0, 2.5, 0.0, 1.0)": 18.7539948842, "(1.0, 2.0, 2.5, 0.5, 0.5)": 18.7744704972, "(1.0, 2.0, 2.5, 1.0, 0.0)": 18.8054926946, "(1.0, 2.0, 3.0, 0.0, 0.5)": 2.5196481199, "(1.0, 2.0, 3.0, 0.5, 0.0)": 2.650466461}}}}