{"85": {"{'row-1': [-4.069353855, 4.069353855, 4.069353855], 'row-2': [4.069353855, -4.069353855, 4.069353855], 'row-3': [4.069353855, 4.069353855, -4.069353855]}": {"['(6s1/2)', '(5d3/2)', '(5d5/2)', '(6p1/2)', '(6p3/2)']": {"(0.5, 2.0, 3.0, 1.0, 2.0)": 4.5054836473, "(0.6000000000000001, 1.9000000000000001, 3.0, 1.0, 2.0)": 5.3195798082, "(0.6000000000000001, 2.0, 2.9000000000000004, 1.0, 2.0)": 5.2510645711, "(0.6000000000000001, 2.0, 3.0, 0.9, 2.0)": 3.9788184729, "(0.6000000000000001, 2.0, 3.0, 1.0, 1.9000000000000001)": 3.8892308883, "(0.7000000000000001, 1.8, 3.0, 1.0, 2.0)": 7.6604937484, "(0.7000000000000001, 1.9000000000000001, 2.9000000000000004, 1.0, 2.0)": 7.5224242962, "(0.7000000000000001, 1.9000000000000001, 3.0, 0.9, 2.0)": 4.891055601, "(0.7000000000000001, 1.9000000000000001, 3.0, 1.0, 1.9000000000000001)": 4.8395520561, "(0.7000000000000001, 2.0, 2.8000000000000003, 1.0, 2.0)": 7.3984637098, "(0.7000000000000001, 2.0, 2.9000000000000004, 0.9, 2.0)": 4.8178312236, "(0.7000000000000001, 2.0, 2.9000000000000004, 1.0, 1.9000000000000001)": 4.766550454, "(0.7000000000000001, 2.0, 3.0, 0.8, 2.0)": 3.563543507, "(0.7000000000000001, 2.0, 3.0, 0.9, 1.9000000000000001)": 3.5195064608, "(0.7000000000000001, 2.0, 3.0, 1.0, 1.8)": 3.5201845099, "(0.8, 1.7000000000000002, 3.0, 1.0, 2.0)": 10.5843124047, "(0.8, 1.8, 2.9000000000000004, 1.0, 2.0)": 10.4183556948, "(0.8, 1.8, 3.0, 0.9, 2.0)": 7.3762608134, "(0.8, 1.8, 3.0, 1.0, 1.9000000000000001)": 7.3559431161, "(0.8, 1.9000000000000001, 2.8000000000000003, 1.0, 2.0)": 10.2618376044, "(0.8, 1.9000000000000001, 2.9000000000000004, 0.9, 2.0)": 7.2335482684, "(0.8, 1.9000000000000001, 2.9000000000000004, 1.0, 1.9000000000000001)": 7.2134743263, "(0.8, 1.9000000000000001, 3.0, 0.8, 2.0)": 4.5704856089, "(0.8, 1.9000000000000001, 3.0, 0.9, 1.9000000000000001)": 4.558553508, "(0.8, 1.9000000000000001, 3.0, 1.0, 1.8)": 4.5823351574, "(0.8, 2.0, 2.7, 1.0, 2.0)": 10.11517544, "(0.8, 2.0, 2.8000000000000003, 0.9, 2.0)": 7.1054245233, "(0.8, 2.0, 2.8000000000000003, 1.0, 1.9000000000000001)": 7.0855939605, "(0.8, 2.0, 2.9000000000000004, 0.8, 2.0)": 4.4935460905, "(0.8, 2.0, 2.9000000000000004, 0.9, 1.9000000000000001)": 4.4823604089, "(0.8, 2.0, 2.9000000000000004, 1.0, 1.8)": 4.5069476537, "(0.8, 2.0, 3.0, 0.7000000000000001, 2.0)": 3.300340345, "(0.8, 2.0, 3.0, 0.8, 1.9000000000000001)": 3.3119900421, "(0.8, 2.0, 3.0, 0.9, 1.8)": 3.3704476298, "(0.8, 2.0, 3.0, 1.0, 1.7000000000000002)": 3.4726483211, "(0.9, 1.6, 3.0, 1.0, 2.0)": 13.744381242, "(0.9, 1.7000000000000002, 2.9000000000000004, 1.0, 2.0)": 13.5650689443, "(0.9, 1.7000000000000002, 3.0, 0.9, 2.0)": 10.3858200183, "(0.9, 1.7000000000000002, 3.0, 1.0, 1.9000000000000001)": 10.3809846811, "(0.9, 1.8, 2.8000000000000003, 1.0, 2.0)": 13.3929785597, "(0.9, 1.8, 2.9000000000000004, 0.9, 2.0)": 10.2171291222, "(0.9, 1.8, 2.9000000000000004, 1.0, 1.9000000000000001)": 10.2126598592, "(0.9, 1.8, 3.0, 0.8, 2.0)": 7.1752535758, "(0.9, 1.8, 3.0, 0.9, 1.9000000000000001)": 7.1815422091, "(0.9, 1.8, 3.0, 1.0, 1.8)": 7.210464556, "(0.9, 1.9000000000000001, 2.7, 1.0, 2.0)": 13.2280097196, "(0.9, 1.9000000000000001, 2.8000000000000003, 0.9, 2.0)": 10.0579651659, "(0.9, 1.9000000000000001, 2.8000000000000003, 1.0, 1.9000000000000001)": 10.0538812415, "(0.9, 1.9000000000000001, 2.9000000000000004, 0.8, 2.0)": 7.0292537801, "(0.9, 1.9000000000000001, 3.0, 0.7000000000000001, 2.0)": 4.3805296981, "(0.9, 1.9000000000000001, 3.0, 0.8, 1.9000000000000001)": 4.4121045949, "(0.9, 1.9000000000000001, 3.0, 1.0, 1.7000000000000002)": 4.5796164017, "(0.9, 2.0, 2.6, 1.0, 2.0)": 13.0705784405, "(0.9, 2.0, 2.7, 0.9, 2.0)": 9.9087827128, "(0.9, 2.0, 2.7, 1.0, 1.9000000000000001)": 9.9049575224, "(0.9, 2.0, 2.8000000000000003, 0.8, 2.0)": 6.8980781383, "(0.9, 2.0, 2.8000000000000003, 0.9, 1.9000000000000001)": 6.9059354101, "(0.9, 2.0, 2.8000000000000003, 1.0, 1.8)": 6.9372966266, "(0.9, 2.0, 2.9000000000000004, 0.7000000000000001, 2.0)": 4.3015070052, "(0.9, 2.0, 2.9000000000000004, 0.8, 1.9000000000000001)": 4.3347514724, "(0.9, 2.0, 2.9000000000000004, 1.0, 1.7000000000000002)": 4.5070599075, "(0.9, 2.0, 3.0, 0.6000000000000001, 2.0)": 3.2250385026, "(0.9, 2.0, 3.0, 0.7000000000000001, 1.9000000000000001)": 3.2959006654, "(0.9, 2.0, 3.0, 0.8, 1.8)": 3.4110723286, "(0.9, 2.0, 3.0, 0.9, 1.7000000000000002)": 3.5654895091, "(0.9, 2.0, 3.0, 1.0, 1.6)": 3.7536056107, "(1.0, 1.5, 3.0, 1.0, 2.0)": 17.0262535257, "(1.0, 1.6, 2.9000000000000004, 1.0, 2.0)": 16.8398259251, "(1.0, 1.6, 3.0, 0.9, 2.0)": 13.5963603243, "(1.0, 1.6, 3.0, 1.0, 1.9000000000000001)": 13.599934101, "(1.0, 1.7000000000000002, 2.8000000000000003, 1.0, 2.0)": 16.6588444838, "(1.0, 1.7000000000000002, 2.9000000000000004, 0.9, 2.0)": 13.4156330202, "(1.0, 1.7000000000000002, 2.9000000000000004, 1.0, 1.9000000000000001)": 13.4194780116, "(1.0, 1.7000000000000002, 3.0, 0.8, 2.0)": 10.2497831562, "(1.0, 1.7000000000000002, 3.0, 0.9, 1.9000000000000001)": 10.2637812415, "(1.0, 1.7000000000000002, 3.0, 1.0, 1.8)": 10.2938019982, "(1.0, 1.8, 2.7, 1.0, 2.0)": 16.4835161162, "(1.0, 1.8, 2.8000000000000003, 0.9, 2.0)": 13.2418393582, "(1.0, 1.8, 2.8000000000000003, 1.0, 1.9000000000000001)": 13.246074809, "(1.0, 1.8, 2.9000000000000004, 0.8, 2.0)": 10.0792680586, "(1.0, 1.8, 2.9000000000000004, 0.9, 1.9000000000000001)": 10.093869305, "(1.0, 1.8, 2.9000000000000004, 1.0, 1.8)": 10.1249259567, "(1.0, 1.8, 3.0, 0.7000000000000001, 2.0)": 7.063817115, "(1.0, 1.8, 3.0, 0.8, 1.9000000000000001)": 7.097426754, "(1.0, 1.8, 3.0, 0.9, 1.8)": 7.1535117929, "(1.0, 1.8, 3.0, 1.0, 1.7000000000000002)": 7.2312073127, "(1.0, 1.9000000000000001, 2.6, 1.0, 2.0)": 16.3140162915, "(1.0, 1.9000000000000001, 2.7, 0.9, 2.0)": 13.0752889451, "(1.0, 1.9000000000000001, 2.7, 1.0, 1.9000000000000001)": 13.0799510835, "(1.0, 1.9000000000000001, 2.8000000000000003, 0.8, 2.0)": 9.9182353115, "(1.0, 1.9000000000000001, 2.9000000000000004, 0.7000000000000001, 2.0)": 6.916220917, "(1.0, 1.9000000000000001, 2.9000000000000004, 0.8, 1.9000000000000001)": 6.951195517, "(1.0, 1.9000000000000001, 2.9000000000000004, 1.0, 1.7000000000000002)": 7.0889219038, "(1.0, 1.9000000000000001, 3.0, 0.6000000000000001, 2.0)": 4.3369636332, "(1.0, 1.9000000000000001, 3.0, 0.7000000000000001, 1.9000000000000001)": 4.41257187, "(1.0, 1.9000000000000001, 3.0, 0.8, 1.8)": 4.5218799356, "(1.0, 1.9000000000000001, 3.0, 0.9, 1.7000000000000002)": 4.6619684881, "(1.0, 1.9000000000000001, 3.0, 1.0, 1.6)": 4.8296444159, "(1.0, 2.0, 2.5, 1.0, 2.0)": 16.1505021306, "(1.0, 2.0, 2.6, 0.9, 2.0)": 12.9162607021, "(1.0, 2.0, 2.6, 1.0, 1.9000000000000001)": 12.9212962577, "(1.0, 2.0, 2.7, 0.8, 2.0)": 9.7674253133, "(1.0, 2.0, 2.7, 0.9, 1.9000000000000001)": 9.7835250737, "(1.0, 2.0, 2.7, 1.0, 1.8)": 9.8164110656, "(1.0, 2.0, 2.8000000000000003, 0.7000000000000001, 2.0)": 6.7836325711, "(1.0, 2.0, 2.8000000000000003, 0.8, 1.9000000000000001)": 6.8199466208, "(1.0, 2.0, 2.8000000000000003, 1.0, 1.7000000000000002)": 6.9614771056, "(1.0, 2.0, 2.9000000000000004, 0.6000000000000001, 2.0)": 4.2585344953, "(1.0, 2.0, 2.9000000000000004, 0.7000000000000001, 1.9000000000000001)": 4.3365411848, "(1.0, 2.0, 2.9000000000000004, 0.8, 1.8)": 4.448706639, "(1.0, 2.0, 2.9000000000000004, 0.9, 1.7000000000000002)": 4.5919244654, "(1.0, 2.0, 2.9000000000000004, 1.0, 1.6)": 4.7628964864, "(1.0, 2.0, 3.0, 0.5, 2.0)": 3.3487445807, "(1.0, 2.0, 3.0, 0.6000000000000001, 1.9000000000000001)": 3.4723382239, "(1.0, 2.0, 3.0, 0.7000000000000001, 1.8)": 3.6341220509, "(1.0, 2.0, 3.0, 0.8, 1.7000000000000002)": 3.8285992592, "(1.0, 2.0, 3.0, 0.9, 1.6)": 4.0504163775, "(1.0, 2.0, 3.0, 1.0, 1.5)": 4.2947488026}}}}