{"14": {"{'row-1': [4.784600372, 0.0, 0.0], 'row-2': [0.0, 4.784600372, 0.0], 'row-3': [0.0, 0.0, 4.784600372]}": {"['(3s1/2)', '(3p1/2)', '(3p3/2)']": {"(0.0, 0.0, 2.0)": 9.7610472294, "(0.0, 0.1, 1.9000000000000001)": 9.757643526, "(0.0, 0.2, 1.8)": 9.7542507361, "(0.0, 0.30000000000000004, 1.7000000000000002)": 9.7508687901, "(0.0, 0.4, 1.6)": 9.7474977846, "(0.0, 0.5, 1.5)": 9.7441376802, "(0.0, 0.6000000000000001, 1.4000000000000001)": 9.7407885442, "(0.0, 0.7000000000000001, 1.3)": 9.7374502925, "(0.0, 0.8, 1.2000000000000002)": 9.7341230975, "(0.0, 0.9, 1.1)": 9.7308067922, "(0.0, 1.0, 1.0)": 9.7275013195, "(0.1, 0.0, 1.9000000000000001)": 8.7348288411, "(0.1, 0.1, 1.8)": 8.7315734999, "(0.1, 0.2, 1.7000000000000002)": 8.7283302094, "(0.1, 0.30000000000000004, 1.6)": 8.7250987986, "(0.1, 0.4, 1.5)": 8.7218744314, "(0.1, 0.5, 1.4000000000000001)": 8.7186672135, "(0.1, 0.6000000000000001, 1.3)": 8.7154718131, "(0.1, 0.7000000000000001, 1.2000000000000002)": 8.7122883978, "(0.1, 0.8, 1.1)": 8.7091169709, "(0.1, 0.9, 1.0)": 8.7059576316, "(0.1, 1.0, 0.9)": 8.702810181, "(0.2, 0.0, 1.8)": 7.7482091314, "(0.2, 0.1, 1.7000000000000002)": 7.7451303672, "(0.2, 0.2, 1.6)": 7.7420623592, "(0.2, 0.30000000000000004, 1.5)": 7.7390074788, "(0.2, 0.4, 1.4000000000000001)": 7.7359659275, "(0.2, 0.5, 1.3)": 7.7329376511, "(0.2, 0.6000000000000001, 1.2000000000000002)": 7.7299226274, "(0.2, 0.7000000000000001, 1.1)": 7.7269267898, "(0.2, 0.8, 1.0)": 7.7239373876, "(0.2, 0.9, 0.9)": 7.7209612737, "(0.2, 1.0, 0.8)": 7.7179984462, "(0.30000000000000004, 0.0, 1.7000000000000002)": 6.8130832203, "(0.30000000000000004, 0.1, 1.6)": 6.8102141105, "(0.30000000000000004, 0.2, 1.5)": 6.8073597945, "(0.30000000000000004, 0.30000000000000004, 1.4000000000000001)": 6.8045201607, "(0.30000000000000004, 0.4, 1.3)": 6.8016954519, "(0.30000000000000004, 0.5, 1.2000000000000002)": 6.7988855681, "(0.30000000000000004, 0.6000000000000001, 1.1)": 6.7960905042, "(0.30000000000000004, 0.7000000000000001, 1.0)": 6.7933102656, "(0.30000000000000004, 0.8, 0.9)": 6.7905448568, "(0.30000000000000004, 0.9, 0.8)": 6.7877943033, "(0.30000000000000004, 1.0, 0.7000000000000001)": 6.7850543105, "(0.4, 0.0, 1.6)": 5.9475145043, "(0.4, 0.1, 1.5)": 5.9449155366, "(0.4, 0.2, 1.4000000000000001)": 5.9423332436, "(0.4, 0.30000000000000004, 1.3)": 5.9397676027, "(0.4, 0.4, 1.2000000000000002)": 5.9372202237, "(0.4, 0.5, 1.1)": 5.93468785, "(0.4, 0.6000000000000001, 1.0)": 5.932172179, "(0.4, 0.7000000000000001, 0.9)": 5.9296731854, "(0.4, 0.8, 0.8)": 5.9271909394, "(0.4, 0.9, 0.7000000000000001)": 5.924725416, "(0.4, 1.0, 0.6000000000000001)": 5.9222766209, "(0.5, 0.0, 1.5)": 5.1792000153, "(0.5, 0.1, 1.4000000000000001)": 5.1769578576, "(0.5, 0.2, 1.3)": 5.1747315912, "(0.5, 0.30000000000000004, 1.2000000000000002)": 5.1725280094, "(0.5, 0.4, 1.1)": 5.1703430203, "(0.5, 0.5, 1.0)": 5.168176366, "(0.5, 0.6000000000000001, 0.9)": 5.1660290494, "(0.5, 0.7000000000000001, 0.8)": 5.1639006342, "(0.5, 0.8, 0.7000000000000001)": 5.1617722998, "(0.5, 0.9, 0.6000000000000001)": 5.1596821492, "(0.5, 1.0, 0.5)": 5.1576106279, "(0.6000000000000001, 0.0, 1.4000000000000001)": 4.5491790849, "(0.6000000000000001, 0.1, 1.3)": 4.5474167781, "(0.6000000000000001, 0.2, 1.2000000000000002)": 4.5456756713, "(0.6000000000000001, 0.30000000000000004, 1.1)": 4.5439555077, "(0.6000000000000001, 0.4, 1.0)": 4.54225424, "(0.6000000000000001, 0.5, 0.9)": 4.5405767397, "(0.6000000000000001, 0.6000000000000001, 0.8)": 4.5389204662, "(0.6000000000000001, 0.8, 0.6000000000000001)": 4.5356716032, "(0.6000000000000001, 0.9, 0.5)": 4.5340790123, "(0.6000000000000001, 1.0, 0.4)": 4.5325076507, "(0.7000000000000001, 0.0, 1.3)": 4.111853789, "(0.7000000000000001, 0.1, 1.2000000000000002)": 4.110718636, "(0.7000000000000001, 0.2, 1.1)": 4.1096065522, "(0.7000000000000001, 0.30000000000000004, 1.0)": 4.1085175357, "(0.7000000000000001, 0.4, 0.9)": 4.1074515831, "(0.7000000000000001, 0.5, 0.8)": 4.1064086913, "(0.7000000000000001, 0.7000000000000001, 0.6000000000000001)": 4.1043908873, "(0.7000000000000001, 0.8, 0.5)": 4.1034171891, "(0.7000000000000001, 0.9, 0.4)": 4.1024665341, "(0.7000000000000001, 1.0, 0.30000000000000004)": 4.1015389177, "(0.8, 0.0, 1.2000000000000002)": 3.921848096, "(0.8, 0.1, 1.1)": 3.9214438805, "(0.8, 0.2, 1.0)": 3.9210632701, "(0.8, 0.30000000000000004, 0.9)": 3.9207062497, "(0.8, 0.4, 0.8)": 3.9203728041, "(0.8, 0.5, 0.7000000000000001)": 3.9200629241, "(0.8, 0.6000000000000001, 0.6000000000000001)": 3.9197765759, "(0.8, 0.7000000000000001, 0.5)": 3.9195140901, "(0.8, 0.8, 0.4)": 3.9192747698, "(0.8, 0.9, 0.30000000000000004)": 3.9190589366, "(0.8, 1.0, 0.2)": 3.9188665721, "(0.9, 0.0, 1.1)": 4.0041708505, "(0.9, 0.1, 1.0)": 4.0044800592, "(0.9, 0.2, 0.9)": 4.0048096932, "(0.9, 0.30000000000000004, 0.8)": 4.0051615714, "(0.9, 0.4, 0.7000000000000001)": 4.0055356489, "(0.9, 0.5, 0.6000000000000001)": 4.0059319337, "(0.9, 0.6000000000000001, 0.5)": 4.0063503786, "(0.9, 0.7000000000000001, 0.4)": 4.0067909551, "(0.9, 0.8, 0.30000000000000004)": 4.0072536308, "(0.9, 0.9, 0.2)": 4.0077401643, "(0.9, 1.0, 0.1)": 4.0082468994, "(1.0, 0.0, 1.0)": 4.333675072, "(1.0, 0.1, 0.9)": 4.3345447143, "(1.0, 0.2, 0.8)": 4.3354370939, "(1.0, 0.30000000000000004, 0.7000000000000001)": 4.3363458802, "(1.0, 0.4, 0.6000000000000001)": 4.3372742116, "(1.0, 0.5, 0.5)": 4.3382220584, "(1.0, 0.6000000000000001, 0.4)": 4.3391893856, "(1.0, 0.7000000000000001, 0.30000000000000004)": 4.3401761602, "(1.0, 0.8, 0.2)": 4.3411823462, "(1.0, 0.9, 0.1)": 4.342210867, "(1.0, 1.0, 0.0)": 4.3432556561}}}}