{"(0.0, 2.5, 4.0)": 64.9943225774, "(0.0, 2.6, 3.9000000000000004)": -82.34025521589999, "(0.0, 2.7, 3.8000000000000003)": 21.474105707099994, "(0.0, 2.8000000000000003, 3.7)": 62.62889833880001, "(0.0, 2.9000000000000004, 3.6)": -11.936449794799998, "(0.0, 3.0, 3.5)": 48.81925164410001, "(0.1, 2.4000000000000004, 4.0)": 98.1068466856, "(0.1, 2.5, 3.9000000000000004)": 98.16485051890001, "(0.1, 2.6, 3.8000000000000003)": 98.21523870090002, "(0.1, 2.7, 3.7)": 98.26703731820001, "(0.1, 2.8000000000000003, 3.6)": 98.31472374730001, "(0.1, 2.9000000000000004, 3.5)": 98.37830060499999, "(0.1, 3.0, 3.4000000000000004)": 98.44936644820001, "(0.2, 2.3000000000000003, 4.0)": 97.5807285557, "(0.2, 2.5, 3.8000000000000003)": 97.64425178260001, "(0.2, 2.6, 3.7)": 97.67618109840001, "(0.2, 2.7, 3.6)": 97.7034089023, "(0.2, 2.8000000000000003, 3.5)": 97.7321807417, "(0.2, 3.0, 3.3000000000000003)": 97.78431376060001, "(0.30000000000000004, 2.2, 4.0)": 78.5008223758, "(0.30000000000000004, 2.4000000000000004, 3.8000000000000003)": 78.56458799930002, "(0.30000000000000004, 2.5, 3.7)": 78.5995515861, "(0.30000000000000004, 2.6, 3.6)": 78.62314751010001, "(0.30000000000000004, 2.7, 3.5)": 78.6521100109, "(0.30000000000000004, 2.9000000000000004, 3.3000000000000003)": 78.70180753439999, "(0.30000000000000004, 3.0, 3.2)": 78.7196143637, "(0.4, 2.1, 4.0)": 56.05047202450001, "(0.4, 2.2, 3.9000000000000004)": 56.119202920899994, "(0.4, 2.3000000000000003, 3.8000000000000003)": 56.1896183522, "(0.4, 2.4000000000000004, 3.7)": 56.254597315900014, "(0.4, 2.5, 3.6)": 56.325885765799995, "(0.4, 2.6, 3.5)": 56.385400147900015, "(0.4, 2.7, 3.4000000000000004)": 56.46363734010001, "(0.4, 2.8000000000000003, 3.3000000000000003)": 56.520249583400016, "(0.4, 2.9000000000000004, 3.2)": 56.590188218400016, "(0.4, 3.0, 3.1)": 56.657662446100005, "(0.5, 2.0, 4.0)": 53.68094875100002, "(0.5, 2.1, 3.9000000000000004)": 53.85195679430001, "(0.5, 2.2, 3.8000000000000003)": 54.031449221, "(0.5, 2.3000000000000003, 3.7)": 54.19228177299999, "(0.5, 2.4000000000000004, 3.6)": 54.3419547732, "(0.5, 2.5, 3.5)": 54.4823990509, "(0.5, 2.6, 3.4000000000000004)": 54.663769760799994, "(0.5, 2.7, 3.3000000000000003)": 54.80707818249999, "(0.5, 2.8000000000000003, 3.2)": 54.92182068880001, "(0.5, 2.9000000000000004, 3.1)": 55.0827921481, "(0.5, 3.0, 3.0)": 55.204172647099995, "(0.6000000000000001, 1.9000000000000001, 4.0)": 42.359892565300015, "(0.6000000000000001, 2.0, 3.9000000000000004)": 42.66740028230001, "(0.6000000000000001, 2.1, 3.8000000000000003)": 42.94622597200001, "(0.6000000000000001, 2.2, 3.7)": 43.2754328748, "(0.6000000000000001, 2.3000000000000003, 3.6)": 43.643599452700016, "(0.6000000000000001, 2.4000000000000004, 3.5)": 43.948872789000006, "(0.6000000000000001, 2.5, 3.4000000000000004)": 44.29183255730001, "(0.6000000000000001, 2.6, 3.3000000000000003)": 44.588506363899995, "(0.6000000000000001, 2.7, 3.2)": 44.957032861399995, "(0.6000000000000001, 2.8000000000000003, 3.1)": 45.272371004099995, "(0.6000000000000001, 2.9000000000000004, 3.0)": 45.569487443300005, "(0.6000000000000001, 3.0, 2.9000000000000004)": 45.8893748328, "(0.7000000000000001, 1.8, 4.0)": 34.559988956200016, "(0.7000000000000001, 1.9000000000000001, 3.9000000000000004)": 34.746774441000014, "(0.7000000000000001, 2.0, 3.8000000000000003)": 34.955506278800016, "(0.7000000000000001, 2.1, 3.7)": 35.1578135627, "(0.7000000000000001, 2.2, 3.6)": 35.374166311200014, "(0.7000000000000001, 2.3000000000000003, 3.5)": 35.565454536600015, "(0.7000000000000001, 2.5, 3.3000000000000003)": 36.00398771120001, "(0.7000000000000001, 2.6, 3.2)": 36.2072232502, "(0.7000000000000001, 2.7, 3.1)": 36.401625322200005, "(0.7000000000000001, 2.8000000000000003, 3.0)": 36.628896198700005, "(0.7000000000000001, 3.0, 2.8000000000000003)": 37.050810802499996, "(0.8, 1.7000000000000002, 4.0)": 26.849134892899997, "(0.8, 1.8, 3.9000000000000004)": 27.066906326700007, "(0.8, 1.9000000000000001, 3.8000000000000003)": 27.28466702610001, "(0.8, 2.0, 3.7)": 27.562665974499993, "(0.8, 2.1, 3.6)": 27.798570405800007, "(0.8, 2.2, 3.5)": 27.95393964019999, "(0.8, 2.4000000000000004, 3.3000000000000003)": 28.42557686570001, "(0.8, 2.5, 3.2)": 28.60862624219999, "(0.8, 2.6, 3.1)": 28.824317223400016, "(0.8, 2.7, 3.0)": 29.045887058999995, "(0.8, 2.9000000000000004, 2.8000000000000003)": 29.47677072350001, "(0.8, 3.0, 2.7)": 29.697817772400015, "(0.9, 1.6, 4.0)": 16.488822668200015, "(0.9, 1.7000000000000002, 3.9000000000000004)": 16.7229289176, "(0.9, 1.8, 3.8000000000000003)": 16.954252884100015, "(0.9, 1.9000000000000001, 3.7)": 17.201452402299992, "(0.9, 2.0, 3.6)": 17.42930510069999, "(0.9, 2.1, 3.5)": 17.67603323259999, "(0.9, 2.2, 3.4000000000000004)": 17.917449705600006, "(0.9, 2.3000000000000003, 3.3000000000000003)": 18.166572117300007, "(0.9, 2.4000000000000004, 3.2)": 18.41261914110001, "(0.9, 2.5, 3.1)": 18.66721616449999, "(0.9, 2.6, 3.0)": 18.916720924299995, "(0.9, 2.7, 2.9000000000000004)": 19.174074962800006, "(0.9, 2.8000000000000003, 2.8000000000000003)": 19.43063535280001, "(0.9, 2.9000000000000004, 2.7)": 19.686402497100005, "(0.9, 3.0, 2.6)": 19.9509324064, "(1.0, 1.5, 4.0)": 5.821920916200014, "(1.0, 1.6, 3.9000000000000004)": 6.042835544000013, "(1.0, 1.7000000000000002, 3.8000000000000003)": 6.270241343099997, "(1.0, 1.8, 3.7)": 6.49918418850001, "(1.0, 1.9000000000000001, 3.6)": 6.717517918100015, "(1.0, 2.0, 3.5)": 6.938990194900015, "(1.0, 2.1, 3.4000000000000004)": 7.156525251000005, "(1.0, 2.2, 3.3000000000000003)": 7.3784922357000085, "(1.0, 2.3000000000000003, 3.2)": 7.59938297810001, "(1.0, 2.4000000000000004, 3.1)": 7.818383766900013, "(1.0, 2.5, 3.0)": 8.040270094600004, "(1.0, 2.6, 2.9000000000000004)": 8.257772279199997, "(1.0, 2.7, 2.8000000000000003)": 8.488079043100015, "(1.0, 2.8000000000000003, 2.7)": 8.704912054900007, "(1.0, 2.9000000000000004, 2.6)": 8.925050096299998, "(1.0, 3.0, 2.5)": 9.144176021100009}