{"34": {"{'row-1': [-3.249486205, 3.249486205, 3.249486205], 'row-2': [3.249486205, -3.249486205, 3.249486205], 'row-3': [3.249486205, 3.249486205, -3.249486205]}": {"['(4s1/2)', '(3d3/2)', '(3d5/2)', '(4p1/2)', '(4p3/2)']": {"(0.0, 2.0, 3.0, 1.0, 2.0)": 12.3168015163, "(0.2, 1.8, 3.0, 1.0, 2.0)": 27.0610059636, "(0.2, 2.0, 2.8000000000000003, 1.0, 2.0)": 26.8561183842, "(0.2, 2.0, 3.0, 0.8, 2.0)": 9.8381943114, "(0.2, 2.0, 3.0, 1.0, 1.8)": 9.7643921116, "(0.4, 1.6, 3.0, 1.0, 2.0)": 48.4795072589, "(0.4, 1.8, 2.8000000000000003, 1.0, 2.0)": 48.2570327243, "(0.4, 1.8, 3.0, 0.8, 2.0)": 25.8231836877, "(0.4, 1.8, 3.0, 1.0, 1.8)": 25.7824196391, "(0.4, 2.0, 2.6, 1.0, 2.0)": 48.0356988152, "(0.4, 2.0, 2.8000000000000003, 0.8, 2.0)": 25.6113676613, "(0.4, 2.0, 2.8000000000000003, 1.0, 1.8)": 25.5705202823, "(0.4, 2.0, 3.0, 0.6000000000000001, 2.0)": 7.4119913886, "(0.4, 2.0, 3.0, 0.8, 1.8)": 7.3490172729, "(0.4, 2.0, 3.0, 1.0, 1.6)": 7.2897569832, "(0.6000000000000001, 1.4000000000000001, 3.0, 1.0, 2.0)": 71.4641430159, "(0.6000000000000001, 1.6, 2.8000000000000003, 1.0, 2.0)": 71.2364189317, "(0.6000000000000001, 1.6, 3.0, 0.8, 2.0)": 47.6860875469, "(0.6000000000000001, 1.6, 3.0, 1.0, 1.8)": 47.6549152837, "(0.6000000000000001, 1.8, 2.6, 1.0, 2.0)": 71.0094747419, "(0.6000000000000001, 1.8, 2.8000000000000003, 0.8, 2.0)": 47.461465585, "(0.6000000000000001, 1.8, 3.0, 0.6000000000000001, 2.0)": 24.800331951, "(0.6000000000000001, 1.8, 3.0, 0.8, 1.8)": 24.7679628965, "(0.6000000000000001, 1.8, 3.0, 1.0, 1.6)": 24.7370398057, "(0.6000000000000001, 2.0, 2.4000000000000004, 1.0, 2.0)": 70.7831309187, "(0.6000000000000001, 2.0, 2.6, 0.8, 2.0)": 47.2379828863, "(0.6000000000000001, 2.0, 2.6, 1.0, 1.8)": 47.206834755, "(0.6000000000000001, 2.0, 2.8000000000000003, 0.6000000000000001, 2.0)": 24.5827874205, "(0.6000000000000001, 2.0, 2.8000000000000003, 0.8, 1.8)": 24.5504228554, "(0.6000000000000001, 2.0, 2.8000000000000003, 1.0, 1.6)": 24.5194959942, "(0.6000000000000001, 2.0, 3.0, 0.4, 2.0)": 5.1461132799, "(0.6000000000000001, 2.0, 3.0, 0.8, 1.6)": 5.0608554846, "(0.6000000000000001, 2.0, 3.0, 1.0, 1.4000000000000001)": 5.0266385055, "(0.8, 1.2000000000000002, 3.0, 1.0, 2.0)": 95.4514694095, "(0.8, 1.4000000000000001, 2.8000000000000003, 1.0, 2.0)": 95.220588526, "(0.8, 1.4000000000000001, 3.0, 0.8, 2.0)": 70.8496530688, "(0.8, 1.4000000000000001, 3.0, 1.0, 1.8)": 70.8208391826, "(0.8, 1.6, 2.6, 1.0, 2.0)": 94.9903016896, "(0.8, 1.6, 2.8000000000000003, 0.8, 2.0)": 70.6209970521, "(0.8, 1.6, 3.0, 0.6000000000000001, 2.0)": 47.0291606038, "(0.8, 1.6, 3.0, 0.8, 1.8)": 47.0030138123, "(0.8, 1.6, 3.0, 1.0, 1.6)": 46.97769419, "(0.8, 1.8, 2.4000000000000004, 1.0, 2.0)": 94.7606135434, "(0.8, 1.8, 2.6, 0.8, 2.0)": 70.3931170955, "(0.8, 1.8, 2.6, 1.0, 1.8)": 70.3643523172, "(0.8, 1.8, 2.8000000000000003, 0.6000000000000001, 2.0)": 46.8029707226, "(0.8, 1.8, 2.8000000000000003, 0.8, 1.8)": 46.7768563886, "(0.8, 1.8, 2.8000000000000003, 1.0, 1.6)": 46.7515747841, "(0.8, 1.8, 3.0, 0.4, 2.0)": 23.982636118, "(0.8, 1.8, 3.0, 0.8, 1.6)": 23.9388918206, "(0.8, 1.8, 3.0, 1.0, 1.4000000000000001)": 23.9191402792, "(0.8, 2.0, 2.2, 1.0, 2.0)": 94.5315276677, "(0.8, 2.0, 2.4000000000000004, 0.8, 2.0)": 70.1660199591, "(0.8, 2.0, 2.4000000000000004, 1.0, 1.8)": 70.1372802633, "(0.8, 2.0, 2.6, 0.6000000000000001, 2.0)": 46.5779221488, "(0.8, 2.0, 2.6, 0.8, 1.8)": 46.5518437904, "(0.8, 2.0, 2.6, 1.0, 1.6)": 46.5265923457, "(0.8, 2.0, 2.8000000000000003, 0.4, 2.0)": 23.7624581863, "(0.8, 2.0, 2.8000000000000003, 0.8, 1.6)": 23.71885564, "(0.8, 2.0, 2.8000000000000003, 1.0, 1.4000000000000001)": 23.6992024695, "(0.8, 2.0, 3.0, 0.2, 2.0)": 3.2591615254, "(0.8, 2.0, 3.0, 0.4, 1.8)": 3.2562867629, "(0.8, 2.0, 3.0, 0.6000000000000001, 1.6)": 3.2623022255, "(0.8, 2.0, 3.0, 0.8, 1.4000000000000001)": 3.2770823259, "(0.8, 2.0, 3.0, 1.0, 1.2000000000000002)": 3.300442831, "(1.0, 1.0, 3.0, 1.0, 2.0)": 120.3210816892, "(1.0, 1.2000000000000002, 2.8000000000000003, 1.0, 2.0)": 120.0875097234, "(1.0, 1.2000000000000002, 3.0, 0.8, 2.0)": 94.9318128102, "(1.0, 1.2000000000000002, 3.0, 1.0, 1.8)": 94.9029944098, "(1.0, 1.4000000000000001, 2.6, 1.0, 2.0)": 119.8544057402, "(1.0, 1.4000000000000001, 2.8000000000000003, 0.8, 2.0)": 94.7004548532, "(1.0, 1.4000000000000001, 3.0, 0.6000000000000001, 2.0)": 70.3329163268, "(1.0, 1.4000000000000001, 3.0, 0.8, 1.8)": 70.3076145908, "(1.0, 1.4000000000000001, 3.0, 1.0, 1.6)": 70.2829082576, "(1.0, 1.6, 2.4000000000000004, 1.0, 2.0)": 119.6217924073, "(1.0, 1.6, 2.6, 0.8, 2.0)": 94.4696930512, "(1.0, 1.6, 2.6, 1.0, 1.8)": 94.4409261062, "(1.0, 1.6, 2.8000000000000003, 0.6000000000000001, 2.0)": 70.1036268307, "(1.0, 1.6, 2.8000000000000003, 0.8, 1.8)": 70.0783279761, "(1.0, 1.6, 2.8000000000000003, 1.0, 1.6)": 70.0536907138, "(1.0, 1.6, 3.0, 0.4, 2.0)": 46.5109091819, "(1.0, 1.6, 3.0, 0.8, 1.6)": 46.4696121845, "(1.0, 1.6, 3.0, 1.0, 1.4000000000000001)": 46.4501959948, "(1.0, 1.8, 2.2, 1.0, 2.0)": 119.389644369, "(1.0, 1.8, 2.4000000000000004, 0.8, 2.0)": 94.2395344471, "(1.0, 1.8, 2.4000000000000004, 1.0, 1.8)": 94.2107905853, "(1.0, 1.8, 2.6, 0.6000000000000001, 2.0)": 69.8750870858, "(1.0, 1.8, 2.6, 0.8, 1.8)": 69.8498541015, "(1.0, 1.8, 2.6, 1.0, 1.6)": 69.8252526273, "(1.0, 1.8, 2.8000000000000003, 0.4, 2.0)": 46.2837682053, "(1.0, 1.8, 2.8000000000000003, 0.8, 1.6)": 46.2425985724, "(1.0, 1.8, 2.8000000000000003, 1.0, 1.4000000000000001)": 46.2232465339, "(1.0, 1.8, 3.0, 0.2, 2.0)": 23.4511660686, "(1.0, 1.8, 3.0, 0.4, 1.8)": 23.4380822562, "(1.0, 1.8, 3.0, 0.6000000000000001, 1.6)": 23.4264240468, "(1.0, 1.8, 3.0, 0.8, 1.4000000000000001)": 23.4161730824, "(1.0, 1.8, 3.0, 1.0, 1.2000000000000002)": 23.4073547934, "(1.0, 2.0, 2.0, 1.0, 2.0)": 119.1580229861, "(1.0, 2.0, 2.2, 0.8, 2.0)": 94.0099750223, "(1.0, 2.0, 2.2, 1.0, 1.8)": 93.9812596977, "(1.0, 2.0, 2.4000000000000004, 0.6000000000000001, 2.0)": 69.6473631493, "(1.0, 2.0, 2.4000000000000004, 0.8, 1.8)": 69.6221652111, "(1.0, 2.0, 2.4000000000000004, 1.0, 1.6)": 69.5976003881, "(1.0, 2.0, 2.6, 0.4, 2.0)": 46.0577870534, "(1.0, 2.0, 2.6, 0.8, 1.6)": 46.0167356776, "(1.0, 2.0, 2.6, 1.0, 1.4000000000000001)": 45.9974429315, "(1.0, 2.0, 2.8000000000000003, 0.2, 2.0)": 23.2291641494, "(1.0, 2.0, 2.8000000000000003, 0.6000000000000001, 1.6)": 23.2047457777, "(1.0, 2.0, 2.8000000000000003, 0.8, 1.4000000000000001)": 23.1946627769, "(1.0, 2.0, 2.8000000000000003, 1.0, 1.2000000000000002)": 23.1860556643, "(1.0, 2.0, 3.0, 0.0, 2.0)": 2.6446064115, "(1.0, 2.0, 3.0, 0.2, 1.8)": 2.7206583858, "(1.0, 2.0, 3.0, 0.4, 1.6)": 2.8044841081, "(1.0, 2.0, 3.0, 0.6000000000000001, 1.4000000000000001)": 2.8953659112, "(1.0, 2.0, 3.0, 0.8, 1.2000000000000002)": 2.9926000105, "(1.0, 2.0, 3.0, 1.0, 1.0)": 3.0954981419}}}}